店铺名称,页面id,类别,品牌名称,品牌id,品牌logo,评分,平均价格,最低价格,所属地区,地区Id,纬度,经度,详细地址,楼层,地铁站id,停车信息,优惠套餐情况,营业时间,联系电话,累计售出份数,餐厅简介,特色菜,是否小吃,有无外卖,上周订单数,历史订单数,wifi,支持预定
OK海鲜自助餐厅(五四北旗舰店),5528165,综合自助,蓝海一家时尚自助餐厅,1654353,,4.5,80,97,五四北,96,26.139862,119.324059,晋安区秀峰路泰禾广场5楼,5,"4285,4283,",免费停车,单人午餐97元;,周一至周日 10:30-14:30,0591-87677066,349093,碧海蓝天下，欢乐无限量！ 一人一锅 / 养生锅底 / 蘸酱自助 / 平价海鲜 新鲜肉类 / 四时鲜蔬 / 招牌特饮 / 精制甜点 [蓝海一家时尚自助餐厅] 餐厅面积1800㎡，福建省首家地铁闸体验式餐厅！ 以蓝色海洋为主题，内设多种特色用餐区：救生筏区、甲板区、游轮码头……海洋生物3D装饰墙、海洋生态箱……营造年轻时尚、新鲜活力的用餐氛围，琳琅满目的精选新鲜菜品让您在蓝色海洋里畅饮、畅涮、畅享。 [蓝海一家时尚自助餐厅]，是福建首家以蓝色海洋氛围为主题的特色自助火锅、自助烧烤品牌餐厅。餐厅主营时令海鲜、鲜美肉类、四时果蔬、招牌特饮、精致小点，同时引入海盗船长主题、时尚欢乐舞蹈！将“碧海蓝天下，欢乐无限量！”自助新理念带给寻求新鲜感、健康乐活的时尚年轻 消费者，不仅仅创新火锅、烧烤的业态，还在尽力营造着城市新一代体验“身临其境”的个性主题用餐平台,,False,0,207,349093,True,False
乐烧自助烤肉(宝龙城市广场店),1413381,烤肉自助,乐烧,159518,http://p0.meituan.net/poi/48d15594b91481cc3b9515a2ebcd221a100711.png,3.8,62,64.8,宝龙城市广场,97,26.06139,119.29168,台江区工业路193号宝龙城市广场B1层,-1,"5302,5311,",,单人午餐64.8元，单人晚餐74.8元，[4]人午餐259元，[4]人晚餐299元;,周一至周日 11:30-22:30,0591-83808096,174463,乐烧自助烤肉是以韩式烤肉为特色菜系的自助式餐厅，囊括了精致烤肉、海鲜、蔬菜、水果自助沙拉百汇、特色主食、美味汤点、中西式甜点、多味冰激凌、凉菜等近百种的丰富菜品，更有进口美式牛羊肉等，选料考究，肉感鲜嫩多汁，营养丰富。乐烧烤肉均采用纸上烤肉配合植物性碳纤维远红外线无烟烤炉，让烤肉从内到外均匀烤熟，既嫩又有水份，**限度保持肉中蛋白质，碳水化合物等有益营养成份。加上精心调制的秘制蘸料，食而不腻，实为一种健康、美味、时尚的现代都市烧烤。,,False,0,615,174463,True,False
炉鱼(爱琴海购物公园店),52195222,烤鱼,,0,,4.2,73,95,红星爱琴海广场,98,26.040721,119.279611,仓山区浦上大道198号爱琴海购物公园5层,5,,,95代100元;,"周一至周五 10:00-14:00 16:30-21:30  周六,周日 10:00-15:00 16:00-21:30",0591-88192063,170805,,,False,0,429,170805,True,False
雍和会海鲜姿造(三坊七巷店),1505747,海鲜火锅,雍和会海鲜姿造,1244453,http://p0.meituan.net/poi/da3980682b81805b677a8e18b56651cf37061.png,5,109,268,东街口/三坊七巷,95,26.079524,119.295886,鼓楼区光禄坊37号（近刘家大院）,,"4282,5301,4286,5307,",免费提供50个停车位,双人餐268元，4人餐398元起，6人餐799元，8人餐999元，10人餐1699元起，6-8人餐2998元;,周一至周日 11:30-13:30 17:00-02:00,0591-88619555,169404,雍和会海鲜姿造坐落于繁华且有历史底蕴的三坊七巷光禄坊，毗邻安泰河，复古的小楼与河畔的依依杨柳构成了一幅唯美的风景画。店内装修雍容华贵，一楼是颇具风情的大厅，二楼是大气典雅的包厢，店内的服务员优雅有礼，服务周到。雍和会海鲜姿造主营海鲜姿造火锅，以海鲜作为主线菜肴，着眼一个“鲜”字，很多食材在上桌后还是鲜活的，定格在视觉、嗅觉、味觉的优质融合，精美的海鲜姿造犹如精美艺术品，让人赏心悦目，叹为观止，流连忘返；独特的裸烹食法还原食材本质美味，原汁原味。一人一锅的小火锅，方便卫生，造型美观，金属质地传热快。商家秉承着对美食的独到见解，将饮食文化的精髓色、香、味、形体现的淋漓尽致。在中华传统海鲜的基础上不断借鉴、吸取、融合及创新，追求品质的唯美，引领了海鲜餐饮的潮流和风尚。雍和会海鲜姿造是您情侣约会、三五知己小聚、商务宴请的上佳之选,,False,0,822,169404,True,False
雍和会海鲜姿造自助(湖东店),4498559,海鲜自助,雍和会海鲜姿造,1244453,http://p0.meituan.net/poi/da3980682b81805b677a8e18b56651cf37061.png,4.7,383,358,东街口,95,26.093009,119.304523,鼓楼区湖东路171号中旅大厦二楼（五四路）,,"4280,4286,",免费停车,单人午餐358元，单人晚餐408元，单人晚餐448元，[4]人午餐1340元，[4]人晚餐1742元，[6]人午餐2010元，[6]人晚餐2613元;,周一至周日 11:30-14:00 18:00-22:00,0591-88617666,163800,2014年1月份福州最贵的自助餐，最地道海鲜姿造自助—雍和会湖东路店强势亮相。您可能会觉得雍和会凭什么？号称是福州最贵的海鲜姿造自助餐！雍和会告诉您：贵，得有理由！理由之一：大家都知道吃自助餐，要吃什么？当然要吃贵的！炒菜贵吗？煮面贵吗？烧烤贵吗？西点贵吗？肉类贵吗？什么最贵呢？海鲜就是最贵的，鲜活的海鲜那是更贵了！雍和会湖东店海鲜姿造自助，没有炒菜，没有西点，没有生煎牛排，只有最新鲜最正宗的海鲜姿造！您来雍和会可以吃到高档的小青龙、虾中的精品牡丹虾、东星斑，象拔雪蚌、海胆等海鲜盛宴！理由之二：福建最正宗最地道的海鲜姿造自助。对于身处海鲜城市的福州人而言，什么样的海鲜架势没见过？可当您见到这里的海鲜明档，您还是会被吓一跳：全部都是鲜活的海鲜姿造，您见过的？您没见过的？每样都像艺术品一样等着您来享用，先甭管味道如何，光是姿造就有“震撼”效果了。这么多高档的海鲜姿造您可以无限量任意享用，不用 “哄抢”，雍和会让您用餐很从容很舒适，尽情的享受海鲜盛宴！理由之三：福州**家哈根达斯真正任意吃。“如果您爱她就请她吃哈根达斯”、“冰淇淋中的劳斯莱斯”等溢美之词，就是说这东东很贵很好吃。在雍和会享用哈根达斯，您不用排队，没有限量，您可以任取任食。对于MM而言，幸福莫过如此。煽情一点，“请她任意吃哈根达斯”岂非爱死了，哈哈。理由之四：雍和会团队重金打造最有高档大气上档次的用餐环境，独一无二的小美混搭风格。理由之五：雍和会做为福州最正宗的海鲜姿造领导者，诚意打造福州“三好”餐厅，菜品好，服务好，环境好！雍和会服务团队引进台湾团队，倡导感动服务。雍和会-款待最重要的人。,,False,0,570,163800,True,False
蓝海一家时尚自助餐厅(世欧广场店),41705893,综合自助,蓝海一家时尚自助餐厅,1654353,,3.4,80,87,世欧王庄,96,26.07109,119.326692,晋安区长乐中路世欧广场3F,3,"5305,",免费停车,单人午餐87元，单人晚餐97元;,周一至周日 10:30-21:30,0591-87677708,159289,,,False,0,484,159289,True,False
舒友海鲜大酒楼,1546884,海鲜,舒友海鲜大酒楼,946690,http://p0.meituan.net/poi/6c51d9550111019ff94dcdaa2007b35385613.png,4,81,47,乌山西路,95,26.07115,119.28843,鼓楼区黎明街15号,,"5307,",商家服务：免费提供100个停车位,47代100元;,周一至周日 10:30-14:30 17:00-22:00,0591-88569888/88509988,144932,舒友海鲜大酒楼有限公司-----荣誉“中国驰名商标”，著名全国连锁品牌企业，福州黎明店凭借雍容华贵的主楼设计、气派恢弘迎宾大堂、富丽堂皇的国宾包间、国宴式的3个不同豪华宴会厅独领高端餐饮领域。主营海鲜的基础上融汇潮、闽、粤等各大菜系为一体，特高薪聘请闽、粤潮名师掌厨，特别是原料用材经过专业鉴定师参与保证质量，全场免服务费，消费“逢百返十”长期优惠，人均200—300元的消费定位，宴会标准以1588元为低起点，宴会免费提供全程专业现场布置、浪漫水晶拱门、新颖靓丽台柱、大型LED视频、立体环绕音响、优质司仪、水晶香槟杯塔等十大项目;提供批发价的烟酒服务，免费提供同时容纳三百多车位的大型停车场。 舒友海鲜大酒楼相继推出了新派港式午茶，“相约吃茶，去舒友吧”，成为市场吃茶的流行语，茶点主厨有着20多年的烹饪经验，在港粤地区享誉很高的知名度，凭借一直经典的“酥皮榴莲”被香港明间美食协会评为“酥皮王子”，组成的舒友**实力的港式茶点烹饪班底。优雅浪漫的休闲卡座、典雅钢琴厅无不彰显尊荣与华贵，上百道原汁原味的**精品港式新派茶点，体验不一样的品味格调与休闲趣味，每一口的品尝，每一次的光临都能让人尽享**的舒适及味觉上的满足，平均40-50元的消费定位，体现的是企业的经营理念——“午茶也要做出舒友风格”。,,False,0,435,144932,True,False
潮福城大酒楼(阳光城店),1524104,粤菜,,0,,4.4,78,116,东街口,95,26.080644,119.312588,鼓楼区福新西路28号阳光城三期2楼（近东水路建设银行旁）,,"5310,",停车位收费标准：免费停车3小时,3人餐116元，2-3人餐120元，4人餐178元起，6-8人餐618元，10人餐998元起;,周一至周日 08:00-02:30,0591-87588590/87588584,144581,潮福城大酒楼——香港的潮福城大酒楼，是福州首家经营正宗潮州菜的酒楼。福新店和北尚店80余间典雅气派的贵宾房经常接待来自全国各地的政要及商务团体、外宾。超五星的服务团队，由香港名厨主理的正宗燕窝、鲍鱼、鱼翅、潮州卤水、海鲜、地道风味凉菜、广式茶点。20年来深受广大顾客欢迎。酒楼菜品选料严格，沿用传统的烹调方法，清淡、少盐、少油腻，无味精，坚持保留着食材本身鲜美的原味。设有早、午、晚茶、宵夜，并承接各类大型宴席。是商务、旅游、会议、聚宴的理想酒楼。潮福城餐饮集团奉行“宾至如归，服务**”的宗旨，我们承诺“没有最好，只有更好”的特色。,,False,0,461,144581,True,False
京都一品自助火锅烤肉(宝龙城市广场店),2431343,火锅自助,京都一品自助火锅烤肉,2049850,,3.3,60,65.8,宝龙城市广场,97,26.06147,119.291995,台江区地址也改成，台江区宝龙城市广场四层121号妈妈集市正对面（宝龙3号门手扶梯上四楼正对楼梯口）,4,"5302,5311,",,单人午餐65.8元，单人晚餐69.8元，单人午餐70元，单人晚餐75元;,周一至周日 10:30-22:00  2019-02-03至2019-02-07 休息,0591-83816687,126963,京都一品自助火锅烤肉位于福州市宝龙广场（4层）、紧邻新华都百货院，地处宝龙广场中心，交通便利。主要经营单人自助火锅、自助烤肉等菜系，店内食品分区清晰明了，拥有蔬菜、海鲜、冻品、水果、肉类、饮料等特色菜，配备烧烤专用去油烟装置，无烟自助纸上烧烤，新潮的烧烤方式，烤的开心，吃的安心。京都一品自助火锅烤肉环境清新优雅，时尚卫生，别有风情，无限量取食吃到饱才可以走。,,False,0,174,126963,True,False
盛世经典牛排·欧尚餐饮(宝龙城市广场店),1029494,自助餐,盛世经典牛排,23792,http://p0.meituan.net/poi/30ce40198634616c1a8f7d6d9909f58025230.png,3.4,52,45,宝龙城市广场,97,26.061649,119.292799,台江区工业路193号宝龙城市广场1层（近万象城）,1,"5302,5311,",有停车位,9折（买单立享）;单人餐63元起;45代50元;,周一至周日 10:30-22:30  2019-02-04 休息,0591-83802870,121433,2004年，她在福州东街绽开一段奇妙餐饮之旅，她秉承绿色健康食材理念，让都市增添一份健康活力。她默默无闻的脚步，将“健康每一天”带向中华大地每一个角落。她拥有超过100家的直营店，形成了集团化、连锁化的经营模式，她渴望健康美食成为人们生活中的息息相关。她的名字是盛世经典，一家把健康快乐的饮食文化传播给大众的企业，当您追随盛世步伐的时候，他们用经典美食触动您的味蕾。,,False,0,38,121433,True,False
创元千禧大酒店 · 自助西餐厅,42279933,综合自助,,0,,3.6,109,129,万达广场,1186,25.716153,119.35319,福清市清昌大道101创元千禧大酒店内（靠近新人民法院）,,,免费提供100个停车位,单人午餐129元，单人晚餐189元;,周一至周日 09:00-21:00,0591-22162909,113108,,,False,0,451,113108,True,False
丽景假日大酒店中餐厅,830524,福州菜,丽景假日大酒店,151868,http://p0.meituan.net/poi/4be747d666d3886c548e15de37d6ca6a84455.png,4.2,115,1188,省体/湖前,95,26.116401,119.298947,鼓楼区福飞南路湖前综合大楼（米罗街对面，湖前站下车即是）,,,免费提供30个停车位,10人餐1188元;,周一至周日 11:00-13:30 17:00-21:30,0591-87736688,111347,福建丽景假日大酒店位于福州繁华的福飞路上，交通便利、清幽恬静、瑰丽多姿、宏伟气派。往福州长乐国际机场30分钟的车程，到达福州火车站仅5分钟的车程。2011年来投入巨资以超星级的标准改造装修，现已面貌一新地呈现于人们视野之中。酒店拥有近百间各类客房，设有中央空调系统、国际卫星接收系统及客房直拨国际长途电话，店内有商务中心、便利店、商场等配套服务场所。还拥有设备先进各具特色的中餐厅、商务餐厅、自助餐、茶艺居、多功能厅等设施，是一座融食、宿、游、购、娱为一体的综合性酒店。酒店一楼的丽晶西餐厅环境高雅，您可以在这里品尝到由经验丰富的厨师巧手烹制的东南亚风味海鲜自助大餐！,,False,0,2,111347,True,False
福州富力威斯汀酒店中国元素餐厅,842784,粤菜,福州万达威斯汀酒店,854464,http://p0.meituan.net/poi/7075b5e4d6b26651dc34184a2a4dc4e167485.png,4.8,197,138,台江万达,97,26.051162,119.342407,台江区江滨中大道366号富力威斯汀酒店5楼,1,,,单人午餐138元，8-10人餐2588元;,周一至周日 11:00-14:00 17:00-21:00,0591-88357223,103912,福州万达威斯汀酒店，坐落于闽江河畔，是喜达屋酒店与度假村国际集团经营管理的酒店。酒店拥有305间客房多种房型，配备天梦之床等人性化设计，宽大舒适的空间，无不让您重焕活力；7个会议室3个宴会大厅酒店可以提供总面积2639平方米的灵活多变的会议空间，能满足各类型的会议和宴会需求；大堂吧、知味餐厅、中国元素提供时尚而不失传统精髓的“Superfood”活力食品，将为您开启活色生香的环球饕餮之旅。,,False,0,27,103912,True,False
夏维夷自助火锅烧烤(晋安店),69456026,综合自助,,0,,3.4,57,53,福新路,96,26.08204,119.32646,晋安区福新中路家乐福购物中心负一楼（中兴电影院隔壁）,,"5305,",免费提供20个停车位,单人午餐53元，单人晚餐63.9元;,周一至周日 11:00-15:00 17:00-22:00,0591-87551088/17750402117,103362,,,False,0,438,103362,True,False
福清牛太郎自助烧烤(裕荣汇店),42074131,烤肉自助,,0,,4,57,57.8,裕荣汇,1186,25.721616,119.35194,福清市福和路裕荣汇购物中心四楼（两馆一中心旁边）,4,,,单人午餐57.8元，单人晚餐67.6元;,周一至周日 10:00-21:00,0591-85276709,95758,“比较实在”的烧烤。有不同价位的自助套餐可选，肉质“不错”，味道也“好”。适合“大肚皮男生”“想开荤的时候杀过去”饱餐一顿。可惜餐厅“通风不行”，“一边吃一边被油烟熏着”，“回家全身上下的衣服都得换光”。,,False,0,221,95758,True,False
鲜芋仙(元洪店),4969709,港台甜品,,0,,3.9,19,13.5,台江广场/元洪城,97,26.052566,119.316068,台江区台江路95号东百元洪购物广场负一层,-1,"4279,",,13.5元原味紫米粥，19.5元鲜芋仙单人餐[复制][复制]，21.5元鲜芋仙单人餐[复制][复制]，40元鲜芋仙双人餐[复制][复制];45代50元;,周一至周日 10:00-22:30,0591-83201611,94803,鲜芋仙是来自台湾，在上海、厦门、福州有多家分店。新鲜、现做、现煮、现卖，提供最优质的甜品与养生盛品，是鲜芋仙甜品专卖的开店理念。在优雅不失时尚风的现代感店内用餐，享受著勾起童时怀念味道的甜品，如同店名鲜芋仙般的幸福。主要是由芋圆，仙草和红豆牛奶组成，味道润滑细嫩，口味非常独特,,False,1,89,94803,True,False
汉拿山(仓山万达店),87628,韩式烤肉,汉拿山,25856,http://p0.meituan.net/poi/2c0577def9e51d5dbb131e5d8fcf419a54667.png,3.9,97,39.9,仓山万达广场,98,26.035568,119.272689,仓山区浦上大道276号万达广场3层,3,,,双人餐158元起，4人餐322元起;39.9代50元，89代100元;,周一至周日 10:30-22:00  2019-02-04 10:00-17:00,0591-88257002,94406,汉拿山韩式烤肉，提供新鲜肉类，爽口青菜，并为不同的烧烤精心配制不同酱汁，让尝过的人都赞不绝口。走进店内，古朴的色调，现代的配饰，明亮的落地窗，烘托出浪漫的气氛，温馨、简约、时尚的风格，让人感受优质一餐。,,False,1,50,94406,True,False
蜀九香(金福大厦店),5144688,四川火锅,,0,,4.1,148,82,五一广场/古田路,95,26.075161,119.304236,鼓楼区新权南路12号金福商厦2楼（香格里拉斜对面）,2,"5301,4282,4277,5307,",,2-3人餐277元，4人餐436元;82代100元，88代100元;,周一至周日 11:30-03:00,0591-38290888/86291771,93283,,,False,0,202,93283,True,False
小鱼小牛时尚欢乐餐厅(元洪城店),6172943,鱼火锅,小鱼小牛,1332998,http://p0.meituan.net/poi/6767f0fe23f9c1687e3063fd0d1155ee26895.png,4.7,82,93,台江广场/元洪城,97,26.052604,119.317098,台江区台江路95号元洪商场第四层4F-T03商铺,4,"4279,",,每满100减5（买单立享）;双人餐129元，3人餐198元，4人餐268元，5-6人餐398元，8人餐498元;93代100元;,周一至周日 10:00-21:00,0591-83502070,90220,小鱼小牛时尚欢乐餐厅是福州新界餐饮管理有限公司继“揽季锅物会”之后推出的又一新晋品牌。餐厅主推各式干锅、火锅，力求通过上选食材和精心调制，带给顾客一个愉快的用餐体验。让本店的美食魅惑您的味蕾，一起感受小鱼和小牛的故事。 “小鱼小牛时尚欢乐餐厅”期望营造一个“时尚、欢乐”氛围的互动性餐厅。让温暖的柔光飘洒在每个餐桌上，来宣告您就是主角。,,False,1,140,90220,True,False
金太郎韩式自助烤肉火锅(台江万达店),6928917,烤肉自助,,0,,3.5,53,52.9,台江万达,97,26.052772,119.342186,台江区鳌江路台江万达广场金街2楼万达广场街2F-85号（3号门向阳坊楼上）,2,,,单人午餐52.9元，单人晚餐59.9元;,周一至周日 09:00-22:00,0591-83255386,89677,金太郎韩式自助烤肉丨火锅位于金融街万达外街2楼。店内经营自助，烤肉、火锅兼有，满足你对两者的要求！,,False,0,270,89677,True,False
盛世经典牛排(东街店),1529234,牛排,盛世经典牛排,23792,http://p0.meituan.net/poi/30ce40198634616c1a8f7d6d9909f58025230.png,3.4,53,45,左海/西湖公园,95,26.085898,119.29648,鼓楼区杨桥路24号二楼（南后街路口正对面）,,"4286,",,单人餐69.5元起，双人餐158元;45代50元;,周一至周日 09:30-22:00,0591-87556136,82699,2004年，她在福州东街绽开一段奇妙餐饮之旅，她秉承绿色健康食材理念，让都市增添一份健康活力。她默默无闻的脚步，将“健康每一天”带向中华大地每一个角落。她拥有超过100家的直营店，形成了集团化、连锁化的经营模式，她渴望健康美食成为人们生活中的息息相关。她的名字是盛世经典，一家把健康快乐的饮食文化传播给大众的企业，当您追随盛世步伐的时候，他们用经典美食触动您的味蕾。,,False,0,129,82699,True,False
57℃湘(苏宁广场店),5116090,湘菜,57度湘,36840,http://p1.meituan.net/poi/37a89794e2dd36a94ad3dc5a65e3cf0123348.png,5,84,88,苏宁广场,97,26.061966,119.286965,台江区工业路233号苏宁广场4层,4,"5311,5302,",免费提供100个停车位,双人餐168元，3人餐258元，4人餐328元，6人餐528元;88代100元;,周一至周日 11:00-21:00,0591-88505757,79513,57°C湘简约、明亮、时尚的装修风格，铁板上跳跃的美味佳肴，厨师与顾客面对面的交流沟通，真实地将日式铁板烧与传统湘菜做到了巧妙结合。57°C湘秉承“湘伴快乐，唱响中国”的理念，其创新之举得到业内广泛关注。,,False,1,76,79513,True,False
乐烧时尚自助烤肉(元洪店),4026283,综合自助,乐烧,159518,http://p0.meituan.net/poi/48d15594b91481cc3b9515a2ebcd221a100711.png,4,63,64.8,台江广场/元洪城,97,26.052524,119.316122,台江区台江路95号东100元洪购物广场5层,5,"4279,",,单人午餐64.8元，单人晚餐74.8元，[4]人午餐259元，[4]人晚餐299元;,周一至周六 11:00-22:00,0591-87565977,77876,乐烧自助烤肉是以韩式烤肉为特色菜系的自助式餐厅，囊括了精致烤肉、海鲜、蔬菜、水果自助沙拉百汇、特色主食、美味汤点、中西式甜点、多味冰激凌、凉菜等近百种的丰富菜品，更有进口美式牛羊肉等，选料考究，肉感鲜嫩多汁，营养丰富。乐烧烤肉均采用纸上烤肉配合植物性碳纤维远红外线无烟烤炉，让烤肉从内到外均匀烤熟，既嫩又有水份，**限度保持肉中蛋白质，碳水化合物等有益营养成份。加上精心调制的秘制蘸料，食而不腻，实为一种健康、美味、时尚的现代都市烧烤。,,False,0,94,77876,True,False
望蓉城·老坛酸菜鱼(世欧店),150437250,酸菜鱼/水煮鱼,,0,,4.4,78,89,世欧王庄,96,26.069887,119.326828,晋安区长乐中路世欧广场南区4楼13-15号,4,"5305,",,双人餐146元起;89代100元;,周一至周日 10:00-22:00,0591-83300039,77871,,,False,0,711,77871,True,False
牛太郎自助烤肉(爱琴海购物公园店),51096270,烤肉自助,牛太郎,787603,http://p1.meituan.net/poi/23d7ebf3650e234f3b76ddc13bbab65f40828.png,3.1,65,75.9,红星爱琴海广场,98,26.040349,119.279802,仓山区浦上大道198号爱琴海购物公园5层,5,,,单人午/晚餐75.9元起;,周一至周日 11:00-22:00,0591-83631717,76200,,,False,0,373,76200,True,False
汉拿山(台江万达店),842762,韩式烤肉,汉拿山,25856,http://p0.meituan.net/poi/2c0577def9e51d5dbb131e5d8fcf419a54667.png,3.7,96,39.9,台江万达,97,26.052899,119.34263,台江区金融街万达广场3层312-316号铺（近曙光路）,3,,,双人餐158元起，4人餐322元起;39.9代50元，95代100元;,周一至周日 10:00-22:00  2019-02-04至2019-02-10 休息,0591-88051898,75715,汉拿山韩式烤肉，提供新鲜肉类，爽口青菜，并为不同的烧烤精心配制不同酱汁，让尝过的人都赞不绝口。走进店内，古朴的色调，现代的配饰，明亮的落地窗，烘托出浪漫的气氛，温馨、简约、时尚的风格，让人感受优质一餐。,,False,1,41,75715,True,False
闽江世纪金源会展中心大饭店(汇景阁自助美食轩),6788952,海鲜自助,,0,,4,183,132,盖山,98,26.024016,119.359523,仓山区潘墩路188号（会展中心大门正对面）,,,免费提供300个停车位,单人餐132元起，单人午餐158元，单人晚餐188元，双人午餐312元，双人晚餐367元;,周一至周日 11:30-14:00 17:30-21:30,0591-88282655,70980,,,False,0,173,70980,True,False
海天盛宴海鲜自助(正大广场店),5106460,海鲜自助,海天盛宴海鲜自助餐厅,2407999,,4.5,397,359,五一广场/古田路,95,26.074543,119.310081,鼓楼区五一中路正大广场4楼,4,"5310,5301,4277,4282,",有停车位,单人午餐359元，单人午餐379元，单人晚餐399元，单人晚餐419元;,周一至周日 11:30-14:30 18:00-22:00,0591-63110879,70463,,,False,0,499,70463,True,False
美德园中西自助餐厅,3278783,综合自助,,0,,4.2,22,27,五一广场/古田路,95,26.073705,119.303507,鼓楼区八一七中路103号顺丰楼4层（福州大饭店西侧）,,"5301,4282,4277,5307,",,单人午/晚餐27元;,周一至周日 11:00-14:00 17:30-20:00,0591-88306161,70169,美德园餐厅面积千余平方米，同时容纳600人就餐，餐区分为自助餐区、宴会餐区、豪华包厢区、西点特供区，是一个多功能的中西结合的时尚餐厅，来自台湾的健康理念，打造福州地区特色餐饮名店,,False,0,191,70169,True,False
凡塔斯牛排餐厅(宝龙店),1875399,牛排,凡塔斯牛排,237945,http://p1.meituan.net/poi/7d673b3690f39ec5e430e0dc552f73b4155909.png,3.6,63,82,宝龙城市广场,97,26.061059,119.291919,台江区工业路193号宝龙城市广场B1层,-1,"5302,5311,",,单人餐82元起，双人餐158元;,周一至周日 10:30-21:30,0591-87866388,66925,“凡塔斯”LAS VENTAS，一个充满传奇色彩，代表勇敢和荣耀，充溢着地中海浪漫风情的 响亮名称。其富含多重意蕴、积淀丰富的精神涵义，都赋予了“凡塔斯”牛排深刻而广阔的文化内涵。作为“凡塔斯”主营的特色产品，牛排的烹饪技艺不仅得益于西班牙厨艺名师的真谛传导——将西欧的饮食文化融入产品理念中，从食物出发，以美味动人。为品味卓越的都市人群缔造富有西班牙特色的美味情缘。凡塔斯与牛排的渊源始于2006年1月，彼时**家门店开张。经营之初，秉持“与客人分享、从不计较”的理念，数年来获得众多新老顾客的好评，好口味、好口碑迅速传开，客 人从此络绎不绝。为更多的美食爱好者带去全新的体验和卓越的享受。“美味的食物，用心的服务，超值的享受”是凡塔斯经营的不二法门。随着品牌名气的不断提高，市场影响力不 断扩大，凡塔斯在市场的占有率也跟着相应地增长。在福建区域形成自己的品牌规模，拥有一批忠实的消费群。 未来，我们将致力于成为中国优秀的餐饮企业连锁品牌，将凡塔斯开向全国，让更多的人分享由凡塔斯牛排带来的幸福体验！,,False,0,42,66925,True,False
香帝西饼(胜利路店),834712,蛋糕,香帝西饼,1163652,,4.2,10,8.8,长乐市中心城区,2954,25.961282,119.522473,长乐市吴航街道胜利路161号店、163号店、165号店,,,,,周一至周日 07:00-23:00,0591-28821979,66584,福建香帝食品有限公司创立于1994年，位于福建省侨乡长乐市、历经18年的发展，已发展为长乐区域烘焙行业品牌与龙头企业。香帝公司现拥有月饼、蛋糕、面包、西点、干点五大类完整的食品生产体系，生产品种多达三百多款。香帝公司目前在长乐市拥有1家中央生产基地，12家连锁门店，产品供应肯德基、上岛咖啡、邮政速递、星级酒店、银行系统等高端品牌客户。香帝公司一向注重产品质量，精选优质新鲜原料，烘焙中不添加食品防腐剂，并严格按照质量管理体系要求，从上游供应商到生产、储运至销售服务进行细致、周密品质管理，确保产品优质安全，实现每天向门店提供的都是新鲜美食。香帝公司在技术研发、产品质量、品牌建设、市场占有率方面均保持区域行业市场的领先地位，香帝公司两度荣获“全国优秀饼店”称号及2007-2008、2009-2010年度“福州市守合同重信用”企业称号，香帝已成为“福州市知名商标”。,,False,1,71,66584,False,False
凡塔斯牛排餐厅(三坊七巷店),3302756,牛排,凡塔斯牛排,237945,http://p1.meituan.net/poi/7d673b3690f39ec5e430e0dc552f73b4155909.png,3.6,63,82,东街口/三坊七巷,95,26.085504,119.296542,鼓楼区杨桥路中闽大厦c座二层（南后街入口处）,,"4286,4282,",免费停车,单人餐82元起，双人餐158元;,周一至周日 10:30-21:30,0591-87662697,65528,“凡塔斯”LAS VENTAS，一个充满传奇色彩，代表勇敢和荣耀，充溢着地中海浪漫风情的 响亮名称。其富含多重意蕴、积淀丰富的精神涵义，都赋予了“凡塔斯”牛排深刻而广阔的文化内涵。作为“凡塔斯”主营的特色产品，牛排的烹饪技艺不仅得益于西班牙厨艺名师的真谛传导——将西欧的饮食文化融入产品理念中，从食物出发，以美味动人。为品味卓越的都市人群缔造富有西班牙特色的美味情缘。凡塔斯与牛排的渊源始于2006年1月，彼时**家门店开张。经营之初，秉持“与客人分享、从不计较”的理念，数年来获得众多新老顾客的好评，好口味、好口碑迅速传开，客 人从此络绎不绝。为更多的美食爱好者带去全新的体验和卓越的享受。“美味的食物，用心的服务，超值的享受”是凡塔斯经营的不二法门。随着品牌名气的不断提高，市场影响力不 断扩大，凡塔斯在市场的占有率也跟着相应地增长。在福建区域形成自己的品牌规模，拥有一批忠实的消费群。 未来，我们将致力于成为中国优秀的餐饮企业连锁品牌，将凡塔斯开向全国，让更多的人分享由凡塔斯牛排带来的幸福体验！,,False,0,44,65528,True,False
V-ONE | 西雅图海鲜自助轻姿造(王府井店),163094744,海鲜自助,,0,,4,176,158,东街口,95,26.091712,119.305773,鼓楼区五四路128号王府井百货6楼,6,"4286,",,单人午餐158元，单人晚餐188元;,周一至周日 11:30-14:00 17:30-21:30,0591-87519856,64804,,,False,0,676,64804,True,False
潮福城大酒楼(秀山路店),1877593,茶餐厅,,0,,4.4,77,116,五四北,96,26.13261,119.31201,晋安区秀山路317号北尚大厦（金城商业中心一楼）,1,"4283,4281,",停车位收费标准：免费停车3小时,3人餐116元，2-3人餐120元，4人餐178元起，6-8人餐618元，10人餐998元起;,周一至周日 10:00-02:00,0591-88585555/83317088,63484,潮福城大酒楼——香港的潮福城大酒楼，是福州首家经营正宗潮州菜的酒楼。福新店和北尚店80余间典雅气派的贵宾房经常接待来自全国各地的政要及商务团体、外宾。超五星的服务团队，由香港名厨主理的正宗燕窝、鲍鱼、鱼翅、潮州卤水、海鲜、地道风味凉菜、广式茶点。20年来深受广大顾客欢迎。酒楼菜品选料严格，沿用传统的烹调方法，清淡、少盐、少油腻，无味精，坚持保留着食材本身鲜美的原味。设有早、午、晚茶、宵夜，并承接各类大型宴席。是商务、旅游、会议、聚宴的理想酒楼。潮福城餐饮集团奉行“宾至如归，服务**”的宗旨，我们承诺“没有最好，只有更好”的特色。,,False,0,244,63484,True,False
凡塔斯牛排餐厅(仓山万达店),6385838,牛排,凡塔斯牛排,237945,http://p1.meituan.net/poi/7d673b3690f39ec5e430e0dc552f73b4155909.png,3.6,63,82,仓山万达广场,98,26.036165,119.275051,仓山区浦上大道仓山万达广场室内步行街3楼（1号门入口手扶梯上3楼）,3,,,单人餐82元起，双人餐158元;,周一至周日 10:30-21:30,0591-87828817,62537,“凡塔斯”LAS VENTAS，一个充满传奇色彩，代表勇敢和荣耀，充溢着地中海浪漫风情的 响亮名称。其富含多重意蕴、积淀丰富的精神涵义，都赋予了“凡塔斯”牛排深刻而广阔的文化内涵。作为“凡塔斯”主营的特色产品，牛排的烹饪技艺不仅得益于西班牙厨艺名师的真谛传导——将西欧的饮食文化融入产品理念中，从食物出发，以美味动人。为品味卓越的都市人群缔造富有西班牙特色的美味情缘。凡塔斯与牛排的渊源始于2006年1月，彼时**家门店开张。经营之初，秉持“与客人分享、从不计较”的理念，数年来获得众多新老顾客的好评，好口味、好口碑迅速传开，客 人从此络绎不绝。为更多的美食爱好者带去全新的体验和卓越的享受。“美味的食物，用心的服务，超值的享受”是凡塔斯经营的不二法门。随着品牌名气的不断提高，市场影响力不 断扩大，凡塔斯在市场的占有率也跟着相应地增长。在福建区域形成自己的品牌规模，拥有一批忠实的消费群。 未来，我们将致力于成为中国优秀的餐饮企业连锁品牌，将凡塔斯开向全国，让更多的人分享由凡塔斯牛排带来的幸福体验！,,False,0,67,62537,True,False
锅先生(爱琴海购物公园店),65552947,创意菜,,0,,3.4,54,92,红星爱琴海广场,98,26.040401,119.279528,仓山区浦上大道198号爱琴海购物公园4层,4,,,92代100元，118代138元;,周一至周五 10:00-14:00 16:00-21:00 周日 10:00-21:00,0591-83300709,62316,,,False,1,95,62316,True,False
五洲佳豪酒楼,1413098,福州菜,五洲佳豪酒楼,29505,http://p1.meituan.net/poi/31b912b75ef8c7283383d5a9e54dc43b89420.png,4.8,138,599,黎明/小柳市场,95,26.078409,119.280043,鼓楼区西二环218号（牡丹大酒店旁）,,,免费提供500个停车位,6人餐599元，10人餐999元起;,周一至周日 10:30-14:00 16:30-22:00,0591-85667777,61430,五洲佳豪酒楼（福州）黎明店，位于福州市二环路牡丹游泳馆旁，交通便利，设有大型停车场，泊车便利。其致力于打造奢华、富有个性的宴饮服务，亿元巨资打造奢华空间，百万薪资缔造精品厨师团队。餐厅环境优雅，整体布置尽显华贵，清新典雅的古典音乐将让您用餐愉快。,,False,0,34,61430,True,False
夏宫餐厅(香格里拉大酒店),6568951,粤式茶点,香格里拉集团 ,2338320,,3.8,159,108,五一广场/古田路,95,26.074157,119.306017,鼓楼区新权南路9号香格里拉大酒店二层 ,,"5301,4277,4282,5310,5307,",停车位收费标准：提供免费停车三小时（酒店内停车场）,单人午/晚餐108元，单人午餐108元，6人餐688元起，10人餐1888元;,周一至周日 11:30-14:30 17:00-22:00,0591-87988888,61125,福州香格里拉大酒店位于福建省省会城市福州的心脏地带，毗邻五一广场，交通便捷。 曾多次获得香格里拉集团优质中餐厅的夏宫，格调幽雅、载誉榕城。主营**特色的闽、粤菜肴。由主厨率领的一众厨师精英为您炮制的正宗佳肴，样样皆如艺术品般赏心悦目。,,False,0,100,61125,True,False
海联潮港城,832549,粤菜,,0,,4.4,56,38,东街口,95,26.087599,119.317645,鼓楼区东门塔头路1号海联亚朵酒店2-3楼,,,免费提供30个停车位,双人餐118元，4人餐178元，6人餐258元，888元888元10人餐;38代100元，45代100元，80代100元;,周一至周日 10:00-22:00,0591-87310888/87301111,60227,潮港城大酒楼地处东门塔头路1号，主要经营粤菜、闽菜、海鲜、港式茶点等菜系，适合商务洽谈、多人聚餐、好友小聚、大型酒宴，店内拥有港式茶点等特色菜,,False,0,222,60227,True,False
冠新星海鲜肥牛自助火锅,95053307,火锅自助,,0,,4,70,68,福新路,96,26.08121,119.318466,晋安区福新路华盛大厦2层,,"5310,",,其他68元，单人午/晚餐75元，[4]人午/晚餐300元，[6]人午/晚餐450元，[8]人午/晚餐600元，[10]人午/晚餐750元;,周一至周日 11:00-03:00,0591-88311377,58757,,,False,0,234,58757,False,False
小鱼小牛(王府井店),2652075,干锅/香锅,小鱼小牛,1332998,http://p0.meituan.net/poi/6767f0fe23f9c1687e3063fd0d1155ee26895.png,4.4,81,93,东街口,95,26.091579,119.305763,鼓楼区五四路128号王府井百货7楼,7,"4286,",,每满100减5（买单立享）;双人餐129元，3人餐198元，4人餐268元，5-6人餐398元，8人餐498元;93代100元;,周一至周日 10:30-21:30,0591-87888730,58477,小鱼小牛时尚欢乐餐厅是福州新界餐饮管理有限公司继“揽季锅物会”之后推出的又一新晋品牌。餐厅主推各式干锅、火锅，力求通过上选食材和精心调制，带给顾客一个愉快的用餐体验。让本店的美食魅惑您的味蕾，一起感受小鱼和小牛的故事。 “小鱼小牛时尚欢乐餐厅”期望营造一个“时尚、欢乐”氛围的互动性餐厅。让温暖的柔光飘洒在每个餐桌上，来宣告您就是主角。,,False,1,196,58477,True,False
鲜芋惠仙(宝龙城市广场店),6830787,港台甜品,鲜芋仙,29642,http://p0.meituan.net/poi/6d918ad7136304e53800ad30c8644a3998464.png,3.9,21,16,宝龙城市广场,97,26.061839,119.290777,台江区工业路193号宝龙城市广场2层,2,"5302,5311,",停车位收费标准：提供收费的商场停车位,16元豆花系列，22元嫩滑仙草系列，22元芋圆系列单人餐，22元清凉冰品系列，45元双人餐;,周一至周日 09:00-22:00,13665043311,57959,**张环境图上面写介绍：Uncle tetsu徹思叔叔家招牌现烤芝士蛋糕凭其香浓的芝士、嫩滑的口感一直风靡日本长达20年之久，近年来Uncle tetsu陆续在海外开拓门店，在台湾让众多的粉丝们疯狂不已，处处可见排队长龙。曾被台湾综艺节日《康熙来了》推荐为台北街头最受欢迎的排队美食之一。,,False,1,5,57959,True,False
冠发君悦大酒店自助餐,2496064,综合自助,冠发君悦大酒店,234935,,4.2,129,98,公安局办证中心,1186,25.719206,119.36341,福清市清昌大道27号冠发国际新城冠发君悦大酒店2层,2,,免费停车场,单人午餐98元，单人晚餐158元;,周一至周日 11:30-13:30 17:30-20:30,0591-85288888,57696,福清冠发君悦大酒店位于著名侨乡福建福清市繁华的商业区，周围环境优美、交通便利，是一座集住宿、餐饮、娱乐、商务、购物为一体的四星级商务酒店。酒店占地面积50亩，建筑面积3.8万多平方米。酒店由主楼和左右附楼组成。主楼设有总服务台、大堂吧、四季料理餐厅。左侧附楼设有中餐厅（好世界大酒楼）与富豪会;右侧附楼设有金都休闲会所（洗浴桑拿服务）以及新华都大型购物商场，满足您吃、住、行、娱、购的各种需求，冠发君悦大酒店是您最理想的下榻场所。,,False,0,101,57696,True,False
漫斯塔披萨牛排自助餐厅(五四北泰禾店),99516121,牛排,,0,,4.4,62,65,五四北,96,26.139726,119.325169,晋安区秀峰路五四北泰禾广场5楼,5,"4285,4283,",,单人餐65元起;,周一至周日 10:00-22:00  2019-02-04 休息,0591-87953072,57305,,,False,0,151,57305,False,False
令狐冲·窑烤活鱼(达明路店),4685898,烤鱼,令狐冲窑烤活鱼,1861897,http://p0.meituan.net/poi/4b195468026c96ab222cef00cb39a60637864.png,3.9,54,95,左海/西湖公园,95,26.086329,119.295967,鼓楼区达明路与鼓西路交叉口达明路12号（老福州对面）,,"4286,",有停车位,2-4人餐98元，2-3人餐139元，3-4人餐188元;95代100元;,周一至周日 11:00-14:00 17:00-02:00,0591-83347999,57077,,,False,1,125,57077,True,False
香帝西饼(锦江店),842663,蛋糕,香帝西饼,1163652,,4.3,10,8.8,长乐市中心城区,2954,25.958205,119.505801,长乐市锦江一区29号店,,,,,周一至周日 07:00-23:00,0591-28921979,56105,福建香帝食品有限公司创立于1994年，位于福建省侨乡长乐市、历经18年的发展，已发展为长乐区域烘焙行业品牌与龙头企业。香帝公司现拥有月饼、蛋糕、面包、西点、干点五大类完整的食品生产体系，生产品种多达三百多款。香帝公司目前在长乐市拥有1家中央生产基地，12家连锁门店，产品供应肯德基、上岛咖啡、邮政速递、星级酒店、银行系统等高端品牌客户。香帝公司一向注重产品质量，精选优质新鲜原料，烘焙中不添加食品防腐剂，并严格按照质量管理体系要求，从上游供应商到生产、储运至销售服务进行细致、周密品质管理，确保产品优质安全，实现每天向门店提供的都是新鲜美食。香帝公司在技术研发、产品质量、品牌建设、市场占有率方面均保持区域行业市场的领先地位，香帝公司两度荣获“全国优秀饼店”称号及2007-2008、2009-2010年度“福州市守合同重信用”企业称号，香帝已成为“福州市知名商标”。,,False,1,48,56105,False,False
韩美味(群众路店),832646,韩国菜,韩美味,25804,,5,18,8.9,大利嘉/汽车南站,97,26.06959,119.3119,台江区群众路292号,,"4277,5310,",,单人餐21.8元;8.9代10元，25代50元;,周一至周日 10:00-23:00,0591-83370873,56110,虽然“打着韩食的旗号”，其实东西挺“中式化”的。石锅拌饭用的是“典型的中国甜辣酱”，吃起来还挺“香”；炒年糕“切法很福州”，味道“还可以”。环境“像中式快餐店”。就是用的筷子“是金属的”，“又细又重”，有点韩国的感觉。“饿的时候吃吃”还行。,,False,1,92,56110,True,False
咕叽咕鸡·手撕蒸鸡(梅峰店),5663764,其他美食,咕鸡咕鸡,1716389,,4.7,36,71,金牛山/洪山桥,95,26.095186,119.280835,鼓楼区梅峰路山海观小区C-9店面,,,,双人餐71元;85代100元;,周一至周日 11:00-02:00,0591-87666566,55851,咕鸡咕鸡位于福州市鼓楼区梅峰路山海观小区C-9店面（福建行政学院培训中心正对面），精选河田活鸡现杀现蒸，可以外送、方便快捷，严格的加工和烹饪要求，确保卫生+品质+美味,,False,1,4,55851,True,False
华莱士(中亭街二店),5024993,汉堡,华莱士,26189,http://p0.meituan.net/poi/40b78b9357bc226b82ad406d2d4ae43429705.png,4.6,15,3.8,中亭街,97,26.055001,119.309941,台江区中亭街G区1F04店面,,"4279,",,3.8元特价黑椒鸡块，7.8元小吃组，9.9元单人餐A，10元小食套餐，13.9元单人餐B，19.9元双人餐A，28.9元双人餐B;,"周一至周四 09:00-21:00  周五,周六 09:00-22:00",0591-83949833,54765,,,False,1,64,54765,True,False
九和居大酒楼,2389872,燕翅鲍,,0,,4,144,799,温泉公园/福州广场,95,26.098649,119.306949,鼓楼区五四路173号新华福广场A座5层,,"4284,4278,",有停车位,6人餐799元，10人餐1888元;,周一至周日 10:30-13:30 16:30-22:00,0591-86215666/86213888,54524,九和居大酒楼位于福州市中心CBD路段的信和广场3楼，面积3000平方，投资近1000万打造的精品酒楼，百万薪资缔造精品厨师团队、VIP包房、精美西式自助餐。用餐环境独特而迷人，时尚而优雅，即现代创新，又古典传统，从整体环境到每一个细微之处都充满中西文化的交融与和谐的艺术气息，营造出上佳的视觉效果与用餐空间。,,False,0,2,54524,True,False
陈家生煎(三坊七巷店),4580228,生煎,陳家生煎,2651720,,4.1,14,13.9,左海/西湖公园,95,26.085793,119.295668,鼓楼区杨桥东路42-44号（三坊七巷对面）,,"4286,",,每满80减5（买单立享）;13.9元B单人套餐，24元A单人套餐，25元C单人餐，31.5元生煎双拼，57元双人套餐;,周一至周日 09:00-21:00,18867972256,54451,,,False,0,184,54451,True,False
小鱼小牛(王庄店),97253565,干锅/香锅,小鱼小牛,1332998,http://p0.meituan.net/poi/6767f0fe23f9c1687e3063fd0d1155ee26895.png,4.9,87,78,世欧王庄,96,26.069893,119.327013,晋安区长河路88号王庄世欧广场南区4楼411-412店面,4,"5305,",,78代100元，93代100元;,周一至周日 10:00-22:00,0591-83806690,54341,,,False,1,380,54341,False,False
蜀九香(龙华天桥店),77433681,四川火锅,,0,,3.6,144,82,东街口,95,26.077827,119.310298,鼓楼区五一北路184号利嘉大世界一层（龙华天桥旁）,,"5310,5301,4282,",有停车位,2-3人餐277元，4人餐436元;82代100元，88代100元;,周一至周日 11:00-03:00,0591-87110777/87110999,54336,,,False,0,142,54336,True,False
阿楷·乡村鱼蛙馆,1457001,鱼火锅,阿楷乡村鱼蛙馆,24109,,4.1,66,46.5,左海/西湖公园,95,26.086534,119.295528,鼓楼区杨桥路双抛桥二里4-6号楼25号店面（渔家小寨旁）,,"4286,",,46.5代50元;,周一至周日 10:00-14:00 16:00-04:00,0591-88006166,54246,阿楷乡村鱼蛙馆地处双抛桥二里（渔家小寨旁边），双抛桥新村附近，适合多人聚餐，海洋现代时尚风格结合蓝紫色设计营造温馨氛围，店内拥有乡村黄金蛙等特色菜，一锅两吃，让你感受别样的美食诱惑！,,False,0,88,54246,True,False
松鹤精致料理,834995,综合自助,,0,,5,204,208,大利嘉/汽车南站,97,26.071011,119.31239,台江区五一中路83号（状元境公交站旁）,,"5310,4277,",免费停车,单人午餐208元，单人晚餐228元;,周一至周日 11:00-14:00 17:00-21:30,0591-83338377,53725,松鹤精致料理地处五一中路105号四季如春酒店1、2楼（贸总酒店对面），主营各式日本料理，有刺身拼盘、北极贝、天妇罗、寿司、手卷等等特色菜。料理不仅仅是美食，而且还是一门艺术，松鹤精致料理秉持着精湛的厨艺，坚持对每一细节的把握，力求呈现精致、创意的美食作品。提供当代最先端饮食文化，穿越浓郁的历史氛围与摩登的空间，精选全球优质食材，加以时尚精致全新演绎。,,False,0,299,53725,True,False
Mr.FIVE伍氏(师大店),2628152,蛋糕,Mr-FIVE伍氏,1557374,,4,14,88,学生街,98,26.038428,119.310343,仓山区上山路师大正对面（师大公交站旁）,,,,6英寸蛋糕88元起，6英寸萌宠蜜恋90元，6英寸鲜果嘉年华90元，6英寸虎皮鲜果90元，6英寸夏忆香芒98元，6英寸洛丽塔108元，8英寸蛋糕118元起，8英寸蛋糕118元起，8英寸虎皮鲜果128元，8英寸玛格丽特138元，8英寸俏皮猪138元，8英寸蝶恋花138元，8英寸萌宠蜜恋148元，8英寸旋转木马148元，马卡龙女神148元，8英寸夏忆香芒148元，8英寸洛丽塔148元;,周一至周日 07:00-22:30,0591-83293589,53583,福建泉州市伍氏特香包有限公司创立于1994年，拥有一座占地20亩地的全省烘焙业规模**的中央工厂生产基地，是从事面包、烘焙、中秋月饼、端午粽子、年节伴手礼等食品的研发、生产、销售为一体的食品加工销售发展型企业。 公司创始人伍维国先生经过20年的奋斗，已发展连锁门店超百家。2010年下半年为适应对外拓展及二次创业的需要，公司又斥资6200万对原有中央工厂生产线的设施设备进行全面升级改进，设备92%从德国、比利时、丹麦、日本等地采购引进。改造后的新生产线、生产设备及生产流程控管达到国内行业先进水平，生产能力足以满足350家以上连锁门店每天的需求产量。 伍氏公司历年来多次获得国家、省、市、区各级市政机关的表彰和荣誉称号，且长期被市政府、各辖区政府等相关职能部门指定作为“优秀企业行业标杆单位”，成为全国各省市地区参观、学习、交流窗口。 伍氏特香包将坚持以“诚信是金，质量为本”为企业核心经营理念，实现产品、服务双优，并用计划3-4年内完成福州、莆田、厦门、漳州、南平、龙岩等六个城市的网点布局，把伍氏特香包品牌打造成全国知名烘焙品牌。,,False,0,16,53583,True,False
德克士(长乐店),2761922,快餐,德克士,23806,http://p1.meituan.net/poi/494fa71899e7f00eb7a32cd83495de9575988.png,4.1,25,5.5,长乐市中心城区,2954,25.958351,119.512545,长乐市郑和中路惠航大厦1楼,,,免费提供8个停车位,5.5元香辣鸡翅，6.5元脆皮炸鸡，8.9元魔法鸡块，11元咔滋薯霸买一送一，13元香辣鸡翅2次卡，15元食味炸鸡，16元孜然鸡柳2份，24元香酥双鸡堡，24元酸菜心动堡，25元双堡套餐，25.9元小食套餐A，26元超值单人餐A，29元十月新品小食套餐，32元手枪腿单人套餐，33元手枪腿第二件半价，34元双人套餐，39元一桶都是腿，45元心动堡双人餐，48元欢享双人餐A，79元多人分享套餐，89元...;,周一至周日 09:00-23:00,0591-28887372,53561,,,False,1,0,53561,True,False
刘福记北京烤鸭(西洪店),4892028,烤鸭,刘福记北京烤鸭,1958217,,4.5,32,44.5,左海/西湖公园,95,26.085687,119.286124,鼓楼区西洪路108号（农业银行取款机旁、西门永辉超市斜对面）,,,,双人餐44.5元，2-3人餐73.9元;73.9代158元;,周一至周日 09:00-21:00,0591-38110070,53173,,,False,1,115,53173,True,False
金谷一漫烤自助餐厅(东二环泰禾店),63598367,综合自助,,0,,3,79,73,东二环泰禾广场,96,26.091161,119.335056,晋安区东二环泰禾广场泰禾新天地19号楼二楼（观光电梯旁）（19号楼手扶梯旁）,2,,停车位收费标准：泰禾广场提供停车位（商家不提供）,单人午餐73元，单人晚餐83元，3-5人餐228元，[4]人午餐272元，[4]人晚餐312元，5-7人餐358元;,周一至周日 11:00-22:00,0591-83626663,52822,,,False,0,133,52822,True,False
德庄火锅(仓山万达店),1448484,重庆火锅,德庄火锅,30931,http://p0.meituan.net/poi/2dfe2a1481831ab8a64a624ba6aea79670717.png,4.9,95,45,仓山万达广场,98,26.036627,119.274254,仓山区浦上大道万达广场三楼德庄火锅店,3,,,9.8折（买单立享）;双人餐168元，4人餐268元起，4人餐268元起;45代50元;,周一至周日 11:00-21:00  2019-02-04至2019-02-05 11:00-20:00,0591-88257336,52323,2002年，德庄大火锅首次在公众面前亮相，9个牛头和2个虎头为支柱的大脚； 2003年，德庄投资上亿元在重庆南岸建立了德庄中央物流配送基地和食品生产基地； 2004年，德庄与石柱县合作建设10万亩辣椒基地，后陆续建成多处种植和养殖基地； 2009年，德庄完成了国内第三代火锅底料生产模式的建设，建成万吨火锅底料专用生产线； 2012年，德庄大火锅受第三届中国餐饮业博览会组委会的邀请，在澳门参展； 至现在，德庄火锅已走进了北京大学光华管理学院MBA教案，被称为“德庄现象”。,,False,1,159,52323,True,False
古千川艺厕所串串香(三坊七巷店),74684489,四川火锅,,0,,4.3,41,4.8,东街口/三坊七巷,95,26.080663,119.298763,鼓楼区南街街道吉庇巷54号钰景园1＃楼1层06商店（取餐地址吉庇路14号）,,"4282,4286,5301,",,4.8元冰粉，78元串串2人餐，159元串串4-5人餐;25代50元，40代50元;,周一至周日 11:00-24:00,0591-87661273/18050170295,51862,,,False,1,286,51862,True,False
瑞可爷爷的店(宝龙城市广场店),6580865,蛋糕,瑞可爷爷の店,1316443,http://p1.meituan.net/poi/5b2741a621592c8a343d523ad9745f9943471.png,4.4,28,33,宝龙城市广场,97,26.061611,119.291473,台江区工业路193号宝龙城市广场B1层,-1,"5302,5311,",,7英寸蛋糕33元起，39元蛋糕3选1，起司蛋糕66元;,周一至周日 10:00-22:00,0591-83815775,51255,Rikuro瑞可爷爷的店为中国民营现烤蛋糕品牌，现有明星产品——现烤起司蛋糕已风靡上海及长三角等地区。 未来瑞可爷爷将继续搜罗世界各地特色现烤蛋糕，增加产品并丰富产品组合，例如已在中国上市的风靡台湾的凹蛋糕（融合巧克力、蜂蜜等各地元素）。传世的美味，实恵的价格，是Rikuro瑞可爷爷的店一直坚持的原则。,,False,1,12,51255,True,False
凡塔斯牛排餐厅(师大店),6197867,牛排,凡塔斯牛排,237945,http://p1.meituan.net/poi/7d673b3690f39ec5e430e0dc552f73b4155909.png,3.5,62,82,学生街,98,26.035899,119.313968,仓山区首山路师大综合楼2楼（肯德基对面）,,,免费停车,单人餐82元起，双人餐158元;,周一至周日 10:30-21:30,0591-83456781,50396,,,False,0,28,50396,True,False
阿里朗烤吧,4258470,烧烤,阿里朗烤吧,1734585,,4.2,58,0,街心公园,1186,25.719064,119.383533,福清市小桥街116号2楼（海阔天空旁边）,,,,,周一至周日 10:00-22:00,0591-85825557,48912,阿里郎地处街心公园电信旁，位置优越，环境优雅，装潢独具一格，处处流溢着韩国文化的氛围。店内整洁，采用高品质无烟处理设置，无油烟环境。秉承了韩式传统美食文化，以烤肉系列为主，并吸纳了我国传统菜肴的风味，为您带来了地道的韩国风情。不仅在菜品上遵循原汁原味的宗旨，而且建立了严格卫生的管理体制。 让您放心享用美食。阿里郎不仅有韩国**特色的烧烤，而且种类丰富，荤素皆有，吃法独特；各种韩国传统美食，应有尽有，让食客留连忘返。,,False,0,0,48912,True,False
贵安世纪金源大饭店-樱之屋料理,2452492,海鲜自助,,0,,4.5,156,179,贵安新天地,2956,26.252847,119.400391,连江县潘渡乡东雁村商业路贵安新天地,,,免费提供100个停车位,单人午/晚餐179元;,周一至周日 11:30-14:00 17:30-21:00,0591-38188888,48769,贵安世纪金源温泉大酒店是一家开业于2013年的崭新典雅的五星标准酒店。酒店隶属于世纪金源集团，坐落于拥有“福建温泉之乡”的贵安新天地，四周环绕着御兰芳温泉SPA、贵安水世界、欢乐世界、福州百姓文化长廊等，旅游资源众多，尽得地利之便。1000多米的大型豪华大堂，内有小桥流水、大型绿色观叶植物，富丽堂皇，格调高雅。,,False,0,0,48769,True,False
牛太郎烧烤城(正大广场店),832293,烤串,牛太郎烧烤城,27959,http://p1.meituan.net/poi/6d8ba80c45e8012752f18281cb3a5b5613194.png,3.6,59,66.8,五一广场/古田路,95,26.075082,119.310369,鼓楼区五一中路18号正大广场5层,5,"5310,5301,4277,4282,",,单人午餐66.8元，单人晚餐76.8元;66.8代69元，76.8代79元;,周一至周日 10:00-22:00,0591-87115558,47967,"福州牛太郎餐饮管理公司是一家具有浓郁特色的时尚烧烤餐饮企业、企业成立于1998年 ， 是在餐饮业迅猛发展的时代背景下，在餐饮投资人更加注重多元化和理性化的前提下，顺应市场发展趋势，顺应投资人需求而成立的专业性服务机构。 公司秉承诚信理念，真诚合作，共同发展，互惠互利。 公司坚持以人为本，汇聚了全国业界大批技术、管理精英，共同打造为广大投资人服务的完善平台。 我们将以专业的管理、精湛的技术，为广大投资人量身定制最适合的投资方案，提供**市场竞争力的产品，成就您的餐饮梦想。 我们有自己独特的品牌特色： 1.引进专业技术的正宗时尚烧烤。 2.采用先进的红外线无烟烤炉,里外同时熟,香气四溢,风味独特。 3.优质的肥牛、海鲜及各式沙拉等,近百个品种等您来品尝。 4.独特的秘制烤汁,采用蜂蜜、鲜果汁等精心调制而成,可清凉降火, 蘸之而食,回味无穷。 5.无限量自选自助烧烤",,False,0,46,47967,True,False
小肥羊(浦上万达店),2411073,牛羊肉火锅,小肥羊,1826094,http://p0.meituan.net/poi/6c2857de867da3c02af425ec28de8d6454072.png,4.1,93,1,仓山万达广场,98,26.034846,119.272599,仓山区金山街道浦上大道272号仓山万达广场A5楼3层,1,,,每满100减10（买单立享）;单人餐39元;1代30元;,周一至周日 11:00-01:00,0591-88112153,47923,锅底“非常好”，里头“放了很多东西”；牛羊肉很“鲜”、很“香”，涮着吃不用蘸酱；飞饼、烤羊排之类的也“不错”。环境“还可以”，“天冷”的时候邀上“三五好友”“围桌而坐”，“边吃边谈”，着实“温馨”。,,False,0,6,47923,True,False
璞月中华意境菜,1156202,创意菜,,0,,5,247,399,省图书馆/温泉路,95,26.093548,119.308067,鼓楼区湖东路187号城市之光1至5楼（湖东路与五四路交汇处）,,"4284,",免费提供80个停车位,双人餐399元，4人餐518元起，6人餐999元起，8人餐1799元;,周一至周日 11:00-13:30 17:30-22:00,0591-83509999,47470,榕城海鲜姿造去哪里？无需过多言语，且看悦港琴湾。何谓“姿造”？字面上的理解，就是姿色、造型，隐约可以感觉到一份妖娆和美丽。用在饮食上，“姿造”的解释就是以独特的盛放和摆设方式来营造诱人的就餐氛围，着重于把味觉升华到视觉的观赏价值。质感上乘的盘、碟、盆，高超的刀花，生鲜的食品，使菜品更具美感，营造出视觉、嗅觉、味觉的更高享受。姿造，希望带给你的是，更生动的美食和更难忘的体验。以美妙的心情，“姿造”海鲜、姿造自己的生活。,,False,1,263,47470,True,False
经典世家牛排(金山大润发店),84577527,牛排,经典世家牛排,895664,http://p1.meituan.net/poi/22485a165deaaa0f0d6112170302d22d92673.png,5,66,56.8,金山大润发,98,26.056446,119.264283,仓山区金榕北路大润发一层（蒙自源旁）,,,,单人餐56.8元起;,周一至周日 11:00-21:30,0591-86396016,46790,,,False,0,205,46790,True,False
四道菜·现撬海蛎煎(东百优品城店),2472731,福建菜,四道菜,357814,http://p1.meituan.net/poi/59f6ebeaa3c4c86c97850c70f458062e67550.png,4.1,51,95,台江广场/元洪城,97,26.052414,119.316827,台江区台江路95号东百优品城4楼,4,"4279,",免费停车,95代100元;,周一至周日 11:00-21:00  2019-02-04 休息,15339436317/15880117874,46260,,,False,0,75,46260,True,False
香帝西饼(郑和店),834711,蛋糕,香帝西饼,1163652,,4.3,11,8.8,长乐市中心城区,2954,25.958481,119.51352,长乐市西洋路36号（近惠航环岛）,,,,,周一至周日 07:00-23:00,0591-28816888,46120,福建香帝食品有限公司创立于1994年，位于福建省侨乡长乐市、历经18年的发展，已发展为长乐区域烘焙行业品牌与龙头企业。香帝公司现拥有月饼、蛋糕、面包、西点、干点五大类完整的食品生产体系，生产品种多达三百多款。香帝公司目前在长乐市拥有1家中央生产基地，12家连锁门店，产品供应肯德基、上岛咖啡、邮政速递、星级酒店、银行系统等高端品牌客户。香帝公司一向注重产品质量，精选优质新鲜原料，烘焙中不添加食品防腐剂，并严格按照质量管理体系要求，从上游供应商到生产、储运至销售服务进行细致、周密品质管理，确保产品优质安全，实现每天向门店提供的都是新鲜美食。香帝公司在技术研发、产品质量、品牌建设、市场占有率方面均保持区域行业市场的领先地位，香帝公司两度荣获“全国优秀饼店”称号及2007-2008、2009-2010年度“福州市守合同重信用”企业称号，香帝已成为“福州市知名商标”。,,False,0,15,46120,True,False
北疆饭店(万象城店),4220861,新疆菜,北疆饭店,24486,http://p1.meituan.net/poi/3468a280da8d4384c8a29d0f670ccf2464877.png,4.2,64,92,万象城,97,26.064523,119.290863,台江区工业路378号万象城4层,4,"5302,5311,5307,",,满100减8（买单立享）;双人餐99元起，双人餐99元起，3-4人餐149元，3-4人餐159元;92代100元;,周一至周日 11:00-13:30 17:00-21:00  非营业时段 2018-02-15至2018-02-15 13:00-24:00 2018-02-17至2018-02-17 19:30-24:00 2018-02-16至2018-02-16 00:00-14:00,0591-86255528,44737,,,False,1,58,44737,True,False
揽季锅物会(三坊七巷店),1535437,海鲜火锅,揽季锅物会,569300,http://p0.meituan.net/poi/fded9bdabb4ed605c9e5423f04c360ac209295.png,4.9,142,190,东街口/三坊七巷,95,26.07939,119.29746,鼓楼区三坊七巷澳门路28号,,"4282,5301,4286,5307,",,每满100减2（买单立享）;双人餐299元，4人餐499元，6人餐899元;190代200元;,周一至周日 全天,0591-87775757,44496,揽季锅物会成立于2012年，是一家以“海鲜火锅”为主的火锅连锁餐厅。揽季锅物会一直坚持以“揽四季，悦四方”为服务宗旨，将四季的象征精神和多样风情作为餐厅的服务和经营之本，致力打造“真情，温暖”的火锅品牌。自成立以来，揽季锅物会遵循“聚在一起，让味道更有味道”品牌理念，并为有需要的顾客准备围裙、眼镜布、发绳，及免费的美甲服务。揽季始终推崇诚信原则，店内设有公平秤与“透明式”厨房政策，每一位顾客都可以参观厨房，海鲜生猛且明码标价，处处体现“真诚”的核心价值观。,,False,1,151,44496,True,False
大丰收李家(元洪店),5767034,其他浙江菜,大丰收,380465,http://p0.meituan.net/poi/34c673f11151f7abcb1b0ed5b47bfb8814729.png,4.1,52,90,台江广场/元洪城,97,26.052236,119.316323,台江区台江路95号东100元洪购物广场4层（近台江广场车站）,4,"4279,",有停车位,90代100元;,周一至周日 10:30-14:30 16:30-21:30,0591-88132666,44206,,,False,1,47,44206,True,False
太古汇港式鲜捞,40585894,海鲜,太古汇港式鲜捞,1644748,http://p1.meituan.net/poi/55e4de4587c88e09d290f5b5e7e2670f32500.png,4.8,129,228,裕荣汇,1186,25.720006,119.352049,福清市裕荣汇购物广场2楼（创元千禧大酒店后面100米）,2,,免费提供50个停车位,双人餐228元起，2-3人餐308元，2-3人餐408元，4-5人餐508元，4人餐528元起，4人餐528元起，5人餐658元，5-6人餐758元，6人餐788元起，6人餐788元起，7-8人餐998元，8-10人餐1288元，8-10人餐1288元，10-12人餐1498元;,周一至周日 11:00-02:00,0591-38511666,44139,,,False,0,94,44139,True,False
百加百炭火烤肉专门店,6594594,韩式烤肉,,0,,4.5,81,59,东街口/三坊七巷,95,26.087434,119.299578,鼓楼区鼓楼东街口卫前街113-115号贤南商厦一楼,1,"4286,",,双人餐59元起，4人餐288元;90代100元;,周一至周日 11:00-14:00 16:30-21:00  2019-02-02至2019-02-10 休息,0591-87662729/15880095330,43150,,,False,0,169,43150,True,False
K牛自助牛肉火锅,169089675,火锅自助,,0,,3.2,81,65.8,学生街,98,26.035991,119.314705,仓山区首山路7号（肯德基旁边）,,,,单人午餐65.8元，单人午餐68.8元，单人晚餐75.8元，单人晚餐78.8元;,周一至周日 11:00-14:00 16:30-21:30,13055782006,42946,,,False,0,832,42946,False,False
韩娘韩国料理(中亭街店),4247734,韩国菜,韩娘,1919963,,4.2,45,21.9,中亭街,97,26.056322,119.307618,台江区洋中街道学军路1号群升国际1楼1层22店面（怡丰小区对面）,,"4279,",,单人餐21.9元;90代100元;,周一至周日 10:00-22:00,13023831100,42870,,,False,1,155,42870,True,False
香帝西饼(胪东路店),842661,蛋糕,香帝西饼,1163652,,4.4,18,8.8,金峰镇,2954,25.978462,119.627296,长乐市金峰镇胪东路（近兴业银行）,,,,,周一至周日 07:00-23:00,0591-28881598,42662,福建香帝食品有限公司创立于1994年，位于福建省侨乡长乐市、历经18年的发展，已发展为长乐区域烘焙行业品牌与龙头企业。香帝公司现拥有月饼、蛋糕、面包、西点、干点五大类完整的食品生产体系，生产品种多达三百多款。香帝公司目前在长乐市拥有1家中央生产基地，12家连锁门店，产品供应肯德基、上岛咖啡、邮政速递、星级酒店、银行系统等高端品牌客户。香帝公司一向注重产品质量，精选优质新鲜原料，烘焙中不添加食品防腐剂，并严格按照质量管理体系要求，从上游供应商到生产、储运至销售服务进行细致、周密品质管理，确保产品优质安全，实现每天向门店提供的都是新鲜美食。香帝公司在技术研发、产品质量、品牌建设、市场占有率方面均保持区域行业市场的领先地位，香帝公司两度荣获“全国优秀饼店”称号及2007-2008、2009-2010年度“福州市守合同重信用”企业称号，香帝已成为“福州市知名商标”。,,False,1,15,42662,False,False
韩悦烤肉(仓山万达店),1478062,韩式烤肉,韩悦烤肉,1145591,http://p0.meituan.net/poi/51d5456145dd59d59a33a7f97b0231947758.jpg,4.1,80,95,仓山万达广场,98,26.035812,119.273205,仓山区浦上大道276号万达广场3层,3,,,满99减1（买单立享）;95代100元;,周一至周日 09:30-23:00  2019-02-01至2019-02-14 10:30-22:00,0591-86392702,42409,韩悦风尚料理是一家坚持美味、健康、时尚的韩式烤肉店，采用连锁经营模式，分店遍布全国多个城市。韩悦在选料方面非常考究，保证所有食材的新鲜和品质，力求为食客提供高品质的美味享受。店内简洁大气的装修风格，宽敞舒适的店内设计，将韩悦的品牌理念优质地呈现出来。从桌椅到餐具，从摆盘到调味，都透着浓浓的韩式风味。食客可以在烧烤的过程中体验到无穷的美味乐趣，分享当美味诞生时的喜悦。韩悦拥有丰富的菜品，能够满足不同人群的口味要求。此外，为了满足不同就餐人数的需要，韩悦还提供了多类型的餐位。韩悦想你所想，用心为食客营造惬意的用餐氛围，打造最优质的用餐体验。,,False,0,123,42409,True,False
盛世经典牛排自助餐厅(王庄店),113913291,牛排,,0,,4.6,60,44.5,世欧王庄,96,26.070371,119.328039,晋安区长乐路与晋连路交汇处2楼,,"5305,",,单人餐59.5元，双人餐169元;44.5代50元;,周一至周日 09:30-22:00,0591-83820337,42354,,,False,0,298,42354,False,False
华莱士(龙城广场店),1877249,汉堡,华莱士,26189,http://p0.meituan.net/poi/40b78b9357bc226b82ad406d2d4ae43429705.png,4.6,14,3.8,福州火车站,96,26.11085,119.31877,晋安区华林路389号龙城广场1楼17号店面,1,"4276,4278,",,3.8元特价黑椒鸡块，7.8元小吃组，9.9元单人餐A，10元小食套餐，13.9元单人餐B，19.9元双人餐A，28.9元双人餐B;,周一至周日 20:00-03:00,15806069485,42149,烤翅、蜜汁烤鸡、板烧汉堡蛮好吃的，价格也“比KFC和麦当劳便宜”。而且“分店很多”，“一般都能找到在公司附近的”。叫份外卖当工作餐，“换换口味不错”。,,False,1,29,42149,True,False
贵族世家牛排自助餐厅(宝龙城市广场店),118484725,综合自助,,0,,4.7,69,69,宝龙城市广场,97,26.061765,119.290813,台江区工业路宝龙城市广场1号大门负一楼（负一楼25-27号肯德基那个扶梯下楼，扶梯后面）,-1,"5302,5311,",,单人餐69元起，单人餐69元起;,周一至周日 11:00-22:00  2019-02-04至2019-02-07 休息,0591-83820180,41968,,,False,0,173,41968,False,False
Mr.FIVE伍氏(世纪金源店),90914945,蛋糕,,0,,4.2,15,88,盖山,98,26.02376,119.35772,仓山区林浦路世纪金源购物广场一层,1,,,6英寸蛋糕88元起，6英寸萌宠蜜恋90元，6英寸鲜果嘉年华90元，6英寸虎皮鲜果90元，6英寸夏忆香芒98元，6英寸洛丽塔108元，8英寸蛋糕118元起，8英寸蛋糕118元起，8英寸虎皮鲜果128元，8英寸玛格丽特138元，8英寸俏皮猪138元，8英寸蝶恋花138元，8英寸萌宠蜜恋148元，8英寸旋转木马148元，马卡龙女神148元，8英寸夏忆香芒148元，8英寸洛丽塔148元;,周一至周日 07:00-22:30,0591-63115454,41759,,,False,0,23,41759,True,False
哈哈碳都·韩国料理,42337285,韩国菜,,0,,5,65,85,台江万达,97,26.051754,119.342006,台江区鳌江路8号万达金街1楼164店,1,,,双人餐98元，3-4人餐188元;85代100元;,周一至周日 10:00-22:00  2019-02-04至2019-02-06 休息 2019-02-07 16:00-22:00,0591-83322848,41616,,,False,1,123,41616,True,False
蒙自源,42210746,过桥米线,蒙自源,985043,http://p1.meituan.net/poi/0ec4ac1c122ccd8505432f3f9b4d91ed22863.png,3.4,24,14.8,连江县中心城区,2956,26.210217,119.534555,连江县马祖路西路10号万家城市广场5#1层1078号必胜客隔壁,1,,停车位收费标准：门口有停车位,14.8元单人套餐;45代50元;,周一至周日 09:00-21:00,0591-26162677,41207,,,False,1,183,41207,True,False
海天盛宴mini迷你(福州广场店),160169655,海鲜自助,,0,,4.7,251,218,温泉公园/福州广场,95,26.097196,119.307827,鼓楼区五四路149号香榭丽都大厦一楼（福州广场内临近五四路）,,"4284,4278,",,单人午餐218元，单人午餐230元，单人晚餐258元，单人晚餐270元;,周一至周日 11:30-14:30 17:30-21:30,0591-88251717,40414,,,False,0,841,40414,False,False
中庚喜来登酒店·盛宴标帜餐厅,1531742,综合自助,,0,,4,159,50,黄山,98,26.02444,119.37186,仓山区浦下洲路23号,,,免费提供50个停车位,单人午餐178元，单人晚餐218元;50代150元;,周一至周日 06:30-23:00,0591-88268283,40102,福州中庚喜来登酒店由中庚集团投资，总投资达17亿元人民币，占地116亩，总建筑面积15万㎡，其中景观面积近5万㎡。福州中庚喜来登酒店地面建筑高60米，酒店呈双塔式建筑，形似两只环抱的手掌，寓意着福州中庚喜来登酒店与海峡国际会展中心相互辉映。酒店地理位置绝佳，坐落于福州新兴商业区的中心地带，面朝闽江河岸，交通便利，距福州南火车站约8公里，离福州火车站约14公里，约45公里的车程即可抵达福州长乐国际机场。酒店的三间餐厅让食客尽享缤纷可口的国际美食。盛宴是喜来登的特色全日制餐厅，囊括了世界各地的风味美食，采悦轩中餐厅则专注于地道的闽菜和粤式菜肴，精选本地食材，愉悦您的味蕾。雅日式餐厅供应由最新鲜的食材烹制而成的创意日本料理。舒适的大堂吧还可带来各色清爽鸡尾酒、白酒、优质葡萄酒以及现磨咖啡，是您与家人朋友欢聚一堂、放松身心的理想之地,,False,0,17,40102,True,False
鲜芋仙(万星城店),5338195,港台甜品,,0,,3.5,20,17.5,连江县中心城区,2956,26.21198,119.55007,连江县丹凤东路万星城2号楼一层L1233-2,,,,17.5元传统豆花单人餐，22元单人套餐;29.5代35元;,周一至周日 09:00-23:30,0591-26158353,39818,,,False,1,22,39818,False,False
餐海·海鲜自助餐厅(宝龙广场店),166682268,海鲜自助,,0,,3,111,99,宝龙城市广场,97,26.061109,119.291663,台江区工业路宝龙城市广场2楼148号5-6号电梯旁,2,"5302,5311,",,单人午餐99元，单人晚餐109元;,周一至周日 10:00-14:00 16:00-22:00,0591-83329786,39830,,,False,0,299,39830,True,False
金太郎韩式自助烤肉火锅(中亭街8090广场店),71629519,烤肉自助,,0,,3.1,58,52.9,中亭街,97,26.053695,119.308883,台江区台江路中亭街8090时尚广场二楼2C01（屈臣氏旁）,2,"4279,",,单人午餐52.9元，单人晚餐59.9元;,周一至周日 11:00-21:30  非营业时段 2018-02-14至2018-02-20 全天,0591-83810880/15960189446,39568,,,False,0,183,39568,True,False
食鼎记·私房菜(三坊七巷店),829758,私房菜,食鼎记私房菜,1160464,http://p1.meituan.net/poi/d1ae336888788643767848e079ecae7f18543.png,4,66,90,东街口/三坊七巷,95,26.080519,119.299325,鼓楼区吉庇路61号二、三层,,"4282,5301,4286,",,每满100减8（买单立享）;2-3人餐139元，10-12人餐980元;90代100元;,周一至周日 10:30-14:30 16:30-21:30,0591-87660377,39140,食鼎记私房菜创始于2004年8月，是**个把“私房菜”这个概念引进福州餐饮界的餐厅。食鼎记乃一小肆，逐滚滚餐饮洪流，上可称振中华饮食文化之大道，下可慰平民口谗舌痒之私欲。前有金庸先生取“逐鹿中原”之意着“鹿鼎记”，呼啸中土，迷醉众生；后有我等饮食男女，食为天下先，寻得华山论剑处，携美眷，约美眉，邀密友，呼亲朋，欣欣然品美食，陶陶然饮佳酿，推杯把盏，快意江湖，照做英雄豪杰！东坡善烹，放有名菜传世；随园洗调，食单与诗话齐名。文人雅士，恋恋红尘，斗转而星移，怎一个食字了得？些间有鼎，鼎中有食，傍西湖碧水，望三坊七巷，古韵今风，美食何在？唤得服务生来：小妺，上菜,,False,1,128,39140,True,False
融侨大酒店·榕苑自助餐厅,184438433,综合自助,,0,,4.7,149,139,好又多,1186,25.721231,119.371105,福清市音西清昌大道1号融侨大酒店1号楼一层,,,,单人午餐139元，单人晚餐239元;,周一至周日 11:30-13:30 17:30-20:30,0591-85344023,38408,,,False,0,545,38408,False,False
小龙坎老火锅(万达店),116459997,四川火锅,小龙坎,2883441,http://p0.meituan.net/poi/108c210fe9a4ae636e2711fa68841da394319.png,4.2,97,25,仓山万达广场,98,26.036805,119.274687,仓山区仓山万达金街5号门旁,1,,,2-3人餐186元;25代50元，89代100元，92代100元;,周一至周日 10:30-00:00  非营业时段 2018-02-15至2018-02-16 全天,0591-87862921,38166,,,False,0,383,38166,True,False
华莱士(首一店),832441,汉堡,华莱士,26189,http://p0.meituan.net/poi/40b78b9357bc226b82ad406d2d4ae43429705.png,4.4,13,3.8,盖山,98,26.03051,119.31392,仓山区首山路55号5号店面,,,,3.8元特价黑椒鸡块，7.8元小吃组，9.9元单人餐A，10元小食套餐，13.9元单人餐B，19.9元双人餐A;,周一至周日 09:30-00:30  2019-01-30至2019-02-08 休息,0591-83427797,38047,烤翅、蜜汁烤鸡、板烧汉堡蛮好吃的，价格也“比KFC和麦当劳便宜”。而且“分店很多”，“一般都能找到在公司附近的”。叫份外卖当工作餐，“换换口味不错”。,,False,1,20,38047,True,False
西湖印象餐饮店,68387712,杭帮菜,,0,,3.2,92,92,东二环泰禾广场,96,26.090732,119.336798,晋安区/晋安区/岳峰镇竹屿路6号东二环泰禾城市广场商业中心22号楼第五层的编号为L504的商铺,5,,,92代100元;,周五至周日 11:00-21:30  周一至周四 11:00-21:00,0591-63168337,37795,,,False,1,86,37795,True,False
石山水美式餐厅(元洪店),87301,美国菜,石山水,844490,http://p1.meituan.net/poi/d3563263f9d6110ecbdeca724351815079490.png,4.1,90,98,台江广场/元洪城,97,26.052044,119.316722,台江区台江路95号元洪城商场综合四层（近台江广场车站）,4,"4279,",,单人餐98元，双人餐188元起;,周一至周日 10:00-22:30  非营业时段 2018-02-15至2018-02-15 18:00-22:30,0591-83289997,37642,石山水美式餐厅，隶属于双福集团旗下，历经10余年逐渐发展成为一家以经营各类美式西餐为主的美式休闲餐饮专家。纯正美式牛排、鲜香美味比萨、美国肥牛火锅、特色自助沙拉，在怀旧风情为主题的餐厅中，让西式美味，装扮了此刻的优雅,,False,0,14,37642,True,False
鲜芋仙(长山湖店),2712707,西式甜品,,0,,3.7,23,22,长乐市中心城区,2954,25.955884,119.500713,长乐市航城街道广场路39号长山湖购物广场1F-23,23,,免费提供20个停车位,22元单人甜品;,周一至周日 09:30-23:00,0591-28987776,37629,鲜芋仙，两个老大的私房甜品 【新鲜】、【现做】、【现煮】、【现卖】 以独特的工法，融合时尚的店铺形象，风靡台湾、马来西亚、澳洲及中国大陆。 松软的芋头、弹Q的芋圆、嫩滑的仙草及绵密的豆花...丰富的美味，每一口都让你流连忘返。,,False,1,6,37629,True,False
桂小厨(东二环泰禾店),62799142,广西菜,,0,,4.7,85,33,东二环泰禾广场,96,26.090124,119.336898,晋安区岳峰镇竹屿路6号泰禾城市广场22号楼L502,5,,,单人餐33元起，单人餐33元起，双人餐105元;95代100元;,"周六,周日 11:00-21:30  周一至周五 11:00-14:30 17:00-21:30  2019-02-04 11:00-15:00",0591-87767785,37310,,,False,1,80,37310,False,False
杜老板松茸菌汤火锅(三坊七巷店),156857432,四川火锅,,0,,4.9,107,246,鼓楼区,95,26.080983,119.299949,鼓楼区吉庇路20号醉得意楼上,,"4282,4286,5301,",,2-3人餐246元，4人餐359元，8-10人餐628元;,周一至周日 10:30-05:00,0591-87610050,36187,,,False,0,185,36187,False,False
旺巴蜀小郡肝火锅串串香(东二环泰禾店),177901574,串串香,,0,,3.8,80,68,东二环泰禾广场,96,26.091661,119.334092,晋安区连江北路泰禾新天地13号楼116号,1,,,双人餐108元，4人餐198元;68代100元;,周一至周日 10:00-04:00  2019-02-01至2019-02-03 10:00-04:00 2019-02-04 10:00-20:00 2019-02-05至2019-02-14 10:00-04:00,0591-83326313,35936,,,False,1,276,35936,False,False
悦满庭,160100869,粤菜,,0,,5,151,88,鼓屏路/屏山公园,95,26.108,119.298936,鼓楼区北二环中路与华屏路交汇处西南角旁（国棉永辉超市对面）,,"4284,",,4人餐399元起，6人餐599元，8人餐999元;88代100元;,周一至周日 10:30-14:00 17:00-21:30,0591-83282777,35765,,,False,0,276,35765,False,False
悦华酒店自助餐厅,4259692,综合自助,,0,,5,175,118,左海/西湖公园,95,26.098054,119.291678,鼓楼区华林路11号（福建省政府，西湖宾馆旁）,,"4280,",,其他118元，单人午餐168元，单人晚餐218元，单人晚餐228元，双人午餐316元，双人晚餐396元，双人晚餐416元;,周一至周日 09:00-21:00,0591-86323333,35651,武夷山悦华酒店位于福建省武夷山市国家旅游度假区内，正对著名景点大王峰，毗邻武夷山18洞山地高尔夫球场，是户外旅游度假、商务会议活动的理想之地。酒店距离武夷山机场和火车站较近，交通便利。 武夷山悦华酒店是豪华度假会议型酒店，以景观分类，酒店拥有豪华景观房、高级园景房、高尔夫景观房、温馨家庭景观套房和悦华总统套房。以床型分类，酒店拥有大床房、双人房、套房；拥有悦园咖啡厅、华苑中餐厅及6个贵宾包厢、西饼店、庭园吧、酒吧、池畔烧烤等餐饮设施；拥有华庭多功能厅和九曲、崇阳、卧龙各式小会议厅；健身房、室内花园式恒温游泳池、按摩、时尚桑拿、SPA、美发沙龙、茶艺室、棋牌室、卵石护足道等各式康乐设施齐全；商务中心、旅游和票务、医务室、商场各类综合服务设施一应俱全。,,False,0,72,35651,True,False
牛太郎烧烤城(连江店),4120615,烧烤,牛太郎,787603,http://p1.meituan.net/poi/23d7ebf3650e234f3b76ddc13bbab65f40828.png,3.4,70,59.8,连江县中心城区,2956,26.211761,119.542522,连江县凤城镇龙芝商业广场二楼,2,,,单人午餐59.8元，单人晚餐69.8元;,周一至周日 10:00-21:00,0591-26177373,35640,"牛太郎烧烤城是一家具有浓郁特色的时尚烧烤餐饮企业、企业成立于1998年 ， 是在餐饮业迅猛发展的时代背景下，在餐饮投资人更加注重多元化和理性化的前提下，顺应市场发展趋势，顺应投资人需求而成立的专业性服务机构。 自己独特的品牌特色： 1.引进专业技术的正宗时尚烧烤。 2.采用先进的红外线无烟烤炉,里外同时熟,香气四溢,风味独特。 3.优质的肥牛、海鲜及各式沙拉等,近百个品种等您来品尝。 4.独特的秘制烤汁，采用蜂蜜、鲜果汁等精心调制而成，可清凉降火， 蘸之而食，回味无穷。 5.无限量自选自助烧烤",,False,0,152,35640,True,False
香帝西饼(董朱新村店),842662,蛋糕,香帝西饼,1163652,,4.4,14,8.8,金峰镇,2954,25.974694,119.625204,长乐市胪峰大道南华花园对面金峰好莱坞商场1层1F-102,1,,,,周一至周日 07:00-22:30,0591-28561979,35606,福建香帝食品有限公司创立于1994年，位于福建省侨乡长乐市、历经18年的发展，已发展为长乐区域烘焙行业品牌与龙头企业。香帝公司现拥有月饼、蛋糕、面包、西点、干点五大类完整的食品生产体系，生产品种多达三百多款。香帝公司目前在长乐市拥有1家中央生产基地，12家连锁门店，产品供应肯德基、上岛咖啡、邮政速递、星级酒店、银行系统等高端品牌客户。香帝公司一向注重产品质量，精选优质新鲜原料，烘焙中不添加食品防腐剂，并严格按照质量管理体系要求，从上游供应商到生产、储运至销售服务进行细致、周密品质管理，确保产品优质安全，实现每天向门店提供的都是新鲜美食。香帝公司在技术研发、产品质量、品牌建设、市场占有率方面均保持区域行业市场的领先地位，香帝公司两度荣获“全国优秀饼店”称号及2007-2008、2009-2010年度“福州市守合同重信用”企业称号，香帝已成为“福州市知名商标”。,,False,1,91,35606,False,False
石山水美式餐厅(东街店),1461092,牛排,石山水,844490,http://p1.meituan.net/poi/d3563263f9d6110ecbdeca724351815079490.png,4.1,88,98,乌山/冠亚广场,95,26.0865,119.300819,鼓楼区东街14号闽辉大厦1楼（近海峡影城）,,"4286,4282,",,单人餐98元，双人餐188元起;,周一至周日 09:30-14:00 17:00-21:00,0591-87550668,35441,石山水美式餐厅，隶属于双福集团旗下，历经10余年逐渐发展成为一家以经营各类美式西餐为主的美式休闲餐饮专家。纯正美式牛排、鲜香美味比萨、美国肥牛火锅、特色自助沙拉，在怀旧风情为主题的餐厅中，让西式美味，装扮了此刻的优雅,,False,0,5,35441,True,False
海中舟(奥体店),110552261,海鲜,,0,,3.6,131,88,海峡奥体中心,98,26.017558,119.277649,仓山区奥体阳光天地商场一层1007商铺（希尔顿酒店旁）,1,,,3人餐139元，4人餐649元，10人餐1518元起;88代100元;,周一至周日 11:00-14:00 17:00-22:00,0591-86275777,35291,,,False,0,264,35291,False,False
贵族世家牛排(福清店),1878094,牛排,贵族世家牛排,1021636,http://p1.meituan.net/poi/ee917ae86f91a27fc1cb188a69997c0e55581.png,3.7,70,69,街心公园,1186,25.71983,119.3828,福清市后埔街街心公园对面（德克士街心公园餐厅同层对面）,,,,单人餐69元起;,周一至周日 10:00-22:30,0591-85522666,35081,贵族世家牛排连锁企业成立于1999年，是台湾知名的牛排连锁餐厅。目前有近200家门市，2003年进入大陆，推出点餐者免费无限量享用沙拉吧，带动全新的牛排文化。每天提供各式上选肉品及新鲜海鲜，严格的品质控管配以精心调理的信念 ，始终坚持“把最好的给顾客”，这是贵族世家能脱颖而出居于知名品牌的原因,,False,1,36,35081,True,False
刘福记北京烤鸭店(中亭街店),5201077,烤鸭,,0,,4.5,51,44.5,中亭街,97,26.055848,119.307951,台江区八一七中路885号（达道美食城、建设银行对面，麦当劳楼下）,,"4279,",,双人餐44.5元，2-3人餐73.9元;73.9代158元，79代100元;,周一至周日 09:30-20:30,0591-83280226/13685018680,35021,,,False,1,74,35021,True,False
玛格利塔(首山店),1570565,披萨,玛格丽塔,1351163,http://p0.meituan.net/poi/0e925ec4a5330a532b2417bfb265b92036387.png,4.6,20,9.9,学生街,98,26.036633,119.31414,仓山区上三路学生街城市广场左侧（首山路口正对面）,,,,单人餐9.9元起，双人餐56.8元，3-4人餐99元;17.5代20元，25代50元;,周一至周日 10:00-22:00,0591-87751577,34672,玛格利塔披萨自成立以来，以“浓情意味，现烤披萨”的理念让玛格利塔在市场的机遇不断提高。人们的生活水平在不断提高，比萨这种西式餐品正在被越来越多的国人所接受随之而来的比萨文化正充满生活的每个时刻。比萨不再仅仅是一种食品，它逐渐与时尚、品位紧紧联系在一起，体现出高尚品质的现代生活，或是交友谈心，或是商务会谈，或是休闲怡情尽在一块香浓美味的比萨中。,,False,1,17,34672,True,False
欧巴韩国餐厅OppaKorean,5891928,韩国菜,,0,,3.9,46,19.9,学生街,98,26.037179,119.313026,仓山区上三路85号（学生街城市广场，麦当劳旁2楼）,,,,单人餐19.9元，双人餐86元起，3-4人餐158元;85代100元;,周一至周日 11:00-14:00 16:30-22:00,0591-83560797,34566,欧巴~~~思密达，欧巴韩国餐厅，带您品尝不一样的韩国风味菜。,,False,1,40,34566,True,False
尊宝比萨(苏宁广场店),5320847,披萨,尊宝比萨,23791,http://p0.meituan.net/poi/8af8b0c187740afe5d18138d1d96d44069386.png,4.8,40,10,苏宁广场,97,26.061697,119.286878,台江区工业路233号苏宁广场B1层,-1,"5311,5302,",,单人餐10元起，11.5元黄金蝴蝶虾，28元芝士焗榴莲，29元精彩单人餐，1-2人餐36元，40元水果什锦比萨，49元超值单人餐，59元精彩双人餐，59元榴莲比萨，74元超值双人餐，88元超多榴莲双人餐，99元欢乐家庭餐，119元超值家庭餐;,周一至周日 10:00-22:00,15959238009,34226,千尊比萨源于意大利那不勒斯，以其道地的手工现做现烤意大利比萨、意大利面及各种美味点心而深受美食者的喜爱。自1998年进入中国，在这块古老而 又充满魅力的土地上创建深圳尊宝比萨连锁机构，2001年在人间天堂杭州建立了杭州千尊饮食连锁有限公司，经过十年的发展，尊宝和千尊品牌充分展示 了旺盛的生命力和活力，分别在广东、江苏、浙江、福建、北京、海南、辽宁、山东、湖南、河南成功经营了100余家店。,,False,1,24,34226,True,False
林某人(茶亭店),159631833,蛋糕,,0,,5,15,9.9,工业路/茶亭,97,26.070711,119.304116,台江区八一七中路183号德商楼1层13号店面,,"4277,5301,5307,4282,",,9.9元海苔风味肉松小贝，10.8元蟹黄风味肉松小贝，39.4元奶油蛋糕卷;,周一至周日 10:00-22:00,18105035801,34252,,,False,1,279,34252,False,False
蒙自源(仓山万达店),1877554,过桥米线,蒙自源,985043,http://p1.meituan.net/poi/0ec4ac1c122ccd8505432f3f9b4d91ed22863.png,3.4,29,12,仓山万达广场,98,26.036225,119.274717,仓山区浦上大道276号仓山万达广场3楼50铺（近金洲南路）,3,,停车位收费标准：有车位,单人餐12元起，单人餐12元起，16元原汤一品土鸡米线，17元下午茶，25元新品套餐;17.8代20元，18代20元，42.8代50元，43.5代50元;,周一至周日 10:00-21:30,0591-88257016,33833,蒙自源源于过桥米线的故乡云南蒙自。2001年11月28日始创于广东东莞的“蒙自源”，十年来，为具有两百多年传统文化的过桥米线注入了国际与时尚的元素。蒙自源现已在全国拥有200多家分店。2007年12月，蒙自源牵手著名舞蹈艺术家、原生态文化传播者杨丽萍，励志为创造传奇民族品牌而携手共进。,,False,1,66,33833,True,False
牛大将军(宝龙城市广场店),83578,烧烤,牛大将军日式烧烤,27949,,3.6,57,51.8,宝龙城市广场,97,26.061628,119.291531,台江区工业路193号宝龙城市广场4层,4,"5302,5311,",,单人午餐51.8元，单人午餐55.8元，单人晚餐61.8元，单人晚餐65.8元;55.8代63元，65.8代73元;,周一至周日 10:00-21:00,0591-83800722,33129,牛大将军是一家受大众欢迎的烧烤店。店内多种肉类、菜类、主食类的菜品，都经过店家精心选材，进行烧烤味道独特，烤肉的丝丝美味，加上店内的热情服务，让你在一个放松和舒适的环境中乐享美味，因此深受广大顾客的喜爱。,,False,0,56,33129,True,False
华莱士(新店店),832428,汉堡,华莱士,26189,http://p0.meituan.net/poi/40b78b9357bc226b82ad406d2d4ae43429705.png,4.1,18,3.8,福飞路/新店,96,26.124629,119.29829,晋安区福飞北路80号金银城广场区1号楼06号（近金城花园）,,,,3.8元特价黑椒鸡块，7.8元小吃组，9.9元单人餐A，10元小食套餐，13.9元单人餐B，19.9元双人餐A，28.9元双人餐B;,周一至周日 09:00-00:00,0591-87952223/13348250558,33067,烤翅、蜜汁烤鸡、板烧汉堡蛮好吃的，价格也“比KFC和麦当劳便宜”。而且“分店很多”，“一般都能找到在公司附近的”。叫份外卖当工作餐，“换换口味不错”。,,False,1,42,33067,True,False
小肥羊(福州中福店),834012,牛羊肉火锅,小肥羊,1826094,http://p0.meituan.net/poi/6c2857de867da3c02af425ec28de8d6454072.png,4,80,1,省立/旗汛口,95,26.08687,119.30485,鼓楼区东街92号中福广场一、二层,2,"4286,",,单人餐39元;1代30元，92代100元;,周一至周日 10:00-02:00,0591-87609158/15859192653,33007,,,False,0,62,33007,True,False
华莱士(师大二店),5103662,汉堡,华莱士,26189,http://p0.meituan.net/poi/40b78b9357bc226b82ad406d2d4ae43429705.png,4.4,18,3.8,学生街,98,26.0373,119.31136,仓山区上三路48号,,,,3.8元特价黑椒鸡块，7.8元小吃组，9.9元单人餐A，10元小食套餐，13.9元单人餐B，19.9元双人餐A，28.9元双人餐B;,周一至周日 10:00-23:00,0591-83491589,32903,,,False,1,58,32903,True,False
仙芋奇圆(宝龙城市广场店),3261781,西式甜品,仙芋奇圆,188202,,3.5,19,15.5,宝龙城市广场,97,26.061577,119.291806,台江区工业路193号宝龙城市广场B1层,-1,"5302,5311,",,15.5元仙芋奇圆八选一;35代50元;,周一至周日 09:30-22:00,0591-88610885,32576,（新店推荐）＂仙芋奇圆＂是来自台湾九份最原汁原味的手工甜品，芋圆软糯却富有Q弹的感觉，清香滑爽的烧仙草，口感细腻的人气布丁，香脆可口的格子Q，避暑解渴的绵绵冰，酸甜浓郁的芒果千层饼，带上心爱的他／她享受甜蜜的感觉吧！吃货们，你心动了吗？台湾芋圆的美味情缘,,False,0,8,32576,False,False
渔傅·蓝海岸霞浦海鲜(正祥店),40210947,海鲜火锅,,0,,4.4,118,88,东街口,95,26.07859,119.31073,鼓楼区五一北路正祥中心4座2层（中国珠宝右侧观光电梯上）,2,"5310,5301,4282,",,每满100减12（买单立享）;2-3人餐258元，4人餐398元，6人餐598元，6-8人餐598元，8人餐898元，10人餐1288元，12人餐1688元;88代100元;,周一至周日 10:00-22:00,0591-83373222/83373111,32393,,,False,0,69,32393,True,False
盛世经典牛排(金山大景城店),836161,牛排,盛世经典牛排,23792,http://p0.meituan.net/poi/30ce40198634616c1a8f7d6d9909f58025230.png,3.4,53,0,金山公园/建新路,98,26.049367,119.246249,仓山区金山大道新华都百货大景城店1楼13号（融信第一城对面）,,"5312,5314,",有停车位,,周一至周日 10:00-22:00,0591-83059537,31900,2004年，她在福州东街绽开一段奇妙餐饮之旅，她秉承绿色健康食材理念，让都市增添一份健康活力。她默默无闻的脚步，将“健康每一天”带向中华大地每一个角落。她拥有超过100家的直营店，形成了集团化、连锁化的经营模式，她渴望健康美食成为人们生活中的息息相关。她的名字是盛世经典，一家把健康快乐的饮食文化传播给大众的企业，当您追随盛世步伐的时候，他们用经典美食触动您的味蕾。,,False,0,0,31900,True,False
华莱士(马尾福星店),6991871,汉堡,华莱士,26189,http://p0.meituan.net/poi/40b78b9357bc226b82ad406d2d4ae43429705.png,4.2,18,3.8,君竹路,2953,25.991464,119.456636,马尾区君竹路福星新村5号楼101单元（永辉超市对面）,,,,3.8元特价黑椒鸡块，7.8元小吃组，9.9元单人餐A，10元小食套餐，13.9元单人餐B，19.9元双人餐A，28.9元双人餐B;,周一至周日 09:00-02:00,0591-83956500,31793,烤翅、蜜汁烤鸡、板烧汉堡蛮好吃的，价格也“比KFC和麦当劳便宜”。而且“分店很多”，“一般都能找到在公司附近的”。叫份外卖当工作餐，“换换口味不错”。,,False,1,82,31793,True,False
海底诱惑重庆老火锅(五四路王府井店),51895266,重庆火锅,,0,,5,96,80,东街口,95,26.09171,119.30599,鼓楼区王府井百货六楼,6,"4286,",,2-3人餐98元，2-3人餐98元，4-5人餐178元，6-7人餐278元，8-9人餐348元;80代100元，90代100元;,周一至周日 09:30-22:00,0591-87318917/17720795217,31716,,,False,0,196,31716,True,False
红运火锅(省体店),50102080,四川火锅,,0,,3.6,126,88,省体/湖前,95,26.109233,119.302536,鼓楼区北环中路30号（金汤新天地停车场内）,,"4284,",,2-3人餐294元，4人餐378元，6-8人餐765元;88代100元;,周一至周日 全天,0591-87865000,31378,,,False,0,376,31378,True,False
鑫港澳门豆捞,41081329,豆捞,,0,,4.1,142,132,盖山,98,26.023449,119.358129,仓山区南江滨东大道闽江世纪金源购物中心3楼,3,,,单人午餐132元，单人晚餐152元;,周一至周日 11:00-21:00,0591-63185177/63185277,31127,,,False,0,26,31127,True,False
华莱士(达明店),832418,汉堡,华莱士,26189,http://p0.meituan.net/poi/40b78b9357bc226b82ad406d2d4ae43429705.png,4.2,19,3.8,左海/西湖公园,95,26.086369,119.295951,鼓楼区达明路14号店面（近边城石锅鱼）,,"4286,",,3.8元特价黑椒鸡块，7.8元小吃组，9.9元单人餐A，10元小食套餐，13.9元单人餐B，19.9元双人餐A，28.9元双人餐B;,周一至周日 09:30-24:00,0591-83709239,30920,烤翅、蜜汁烤鸡、板烧汉堡蛮好吃的，价格也“比KFC和麦当劳便宜”。而且“分店很多”，“一般都能找到在公司附近的”。叫份外卖当工作餐，“换换口味不错”。,,False,1,64,30920,True,False
三迪华美达茶点餐厅,5741020,综合自助,,0,,4.8,66,23,仓山万达广场,98,26.049536,119.272317,仓山区金山闽江大道202号（闽江大道与金祥路路口）,,"5303,",免费提供100个停车位,双人餐109元起，双人餐109元起，2-3人餐159元，3人餐199元，5-6人餐259元;23代50元，45代100元;,周一至周日 11:00-14:00 17:00-21:00,0591-88326888,30931,,,False,0,232,30931,True,False
阿弥陀佛大饭店珍素自助餐厅,162183514,素食,,0,,3.8,90,176,乐都汇,98,26.033652,119.266018,仓山区浦上大道306号（正祥金山广场旁）,,,,双人晚餐176元起;,周一至周日 11:30-21:00,0591-38399333,30698,,,False,0,61,30698,False,False
周拍档爆爆虾(侨荣城店),2528749,特色菜,频品常尝爆爆虾,1333026,,4.5,56,108,万达广场,1186,25.715402,119.348639,福清市清昌大道107号万达广场2号门对面,,,停车位收费标准：停车位8元/3小时,2-3人餐108元，3-4人餐168元，3-4人餐228元;,周一至周日 09:00-22:00 00:00-02:00,0591-86091077,30525,频品常尝爆爆椒香辣虾位于福清市区繁华地段街心公园。店内主营特色香辣虾，美味绝佳，欢迎新老朋友的惠顾,,False,0,31,30525,True,False
令狐冲·窑烤活鱼(温泉店),5446042,烤鱼,令狐冲窑烤活鱼,1861897,http://p0.meituan.net/poi/4b195468026c96ab222cef00cb39a60637864.png,3.9,55,95,省图书馆/温泉路,95,26.090245,119.310861,鼓楼区温泉支路醒春居17号（久号自助快餐东边）,,,,2-3人餐139元，3-4人餐188元;95代100元;,周一至周日 17:00-02:00,0591-88617979,30212,,,False,1,21,30212,True,False
海底诱惑重庆老火锅(王庄店),156865423,重庆火锅,,0,,3.8,75,78,世欧王庄,96,26.070749,119.328007,晋安区长乐中路世欧广场2门对面2楼,,"5305,",,双人餐128元，4人餐249元;78代100元;,周一至周日 09:30-03:30,0591-88005618,30196,,,False,0,264,30196,False,False
令狐冲·窑烤活鱼(东二环泰禾店),93988102,烤鱼,,0,,3.2,61,95,东二环泰禾广场,96,26.091358,119.334305,晋安区连江北路与化工路交叉东泰禾广场18号B1层345-349室,-1,,,2-4人餐98元，2-3人餐139元，3-4人餐188元;95代100元;,周一至周日 11:00-14:00 17:00-02:00,0591-83207779,29596,,,False,1,88,29596,False,False
四季·映山红,1875134,海鲜火锅,映山红湘菜馆,617978,http://p0.meituan.net/poi/fa5bfaf1a21777b0129fe94b6841bce650881.png,4.2,106,70,东街口/三坊七巷,95,26.08048,119.29816,鼓楼区吉庇路80号,,"4282,4286,5301,5307,",,双人餐268元起，4人餐399元起，6人餐799元起，8人餐998元，10人餐1388元起;70代100元，80代100元;,周一至周日 11:00-21:00  2019-02-05至2019-02-06 休息,0591-87775858,29557,"四季映山红会所坐落于繁华且有历史底蕴的三坊七巷，幽雅环境,高品质服务,精选珍贵材料,一品舌尖鲜美滋味!店内装修雍容华贵，店内的服务员优雅有礼，服务周到。以海鲜作为主线菜肴，姿造火锅，饱口福前先饱眼福，着眼一个“鲜”字，很多食材在上桌后还是鲜活的，定格在视觉、嗅觉、味觉的优质融合，精美的海鲜姿造犹如精美艺术品，让人赏心悦目，叹为观止，流连忘返",,False,0,88,29557,True,False
海中舟(梅峰店),81648677,海鲜,,0,,4,145,88,金牛山/洪山桥,95,26.09343,119.26191,鼓楼区梅峰路302号（华信培训中心旁）,,,,4人餐598元，10人餐1188元起;88代100元;,周一至周日 10:00-14:00 17:00-22:00,0591-87301777,29320,,,False,0,171,29320,False,False
刘福记北京烤鸭(福清店),4236262,烤鸭,刘福记北京烤鸭,1958217,,4.4,62,73.9,东门,1186,25.721668,119.383997,福清市后埔街11座112号,,,,2-3人餐73.9元;,周一至周日 09:00-21:00,0591-38760708/13939655781,29294,,,False,1,126,29294,True,False
华丰贺氏(塔头店),4573642,奶茶/果汁,华丰贺氏,26183,,4.2,18,9.9,晋安区,96,26.087867,119.318191,晋安区岳峰镇塔头路3号（近塔头车站）,,,,9.9元黑森林切件，“莓”好时光108元，8英寸蛋糕138元起，果仁果粒142元，小汽车148元，经典黑森林150元，芒果很黄174元;17代20元;,周一至周日 全天,0591-87327786,29256,华丰贺氏始终坚持以传承与弘扬中华民族文化为己任，努力振兴民族品牌。以产品质量为企业生命，引进三套先进的月饼生产成套设备，从投料到成品全面实现全自动化生产流水线。一流的生产设备，再加上一流的生产经营管理，使得华丰贺氏跃上一个新台阶，华丰贺氏月饼已成为目前众多星级酒店代加工月饼优选厂家，华丰贺氏月饼已成为真正的五星级月饼。 华丰贺氏于2008年 7月正式全面导入全新的企业形象识别系统，华丰贺氏首家新形象旗舰店也同时开张，以一个全新的经营理念和创新的经营方式，优雅整洁赏心悦目的经营环境，打造出高格调的面包坊。华丰贺氏是目前福建省的面包专卖店，它的出现足以振撼烘焙界，它必将给福建烘焙行业带来一场新的革命，为全面提升福州烘焙水平做出新的贡献。,,False,1,60,29256,True,False
泰蒲·泰国料理(东街店),164620348,泰国菜,,0,,5,68,95,省立/旗汛口,95,26.088393,119.304804,鼓楼区东街街道井大路22号庆城市场2楼（井大路与庆城路交叉口，依土捞化旁）,,"4286,",,双人餐198元，3-4人餐298元;95代100元;,周一至周日 11:00-13:30 17:00-21:30,17759888598,29056,,,False,1,570,29056,False,False
萨贝尔(东百观景餐厅),832669,披萨,萨贝尔意式餐厅,28386,http://p1.meituan.net/poi/6cb209921e023465ab2e96c039e38c1117549.png,4.2,93,90,东街口/三坊七巷,95,26.084938,119.298895,鼓楼区八一七北路84-88号东百中心9楼,9,"4286,4282,",免费停车,90代100元;,周一至周日 10:30-22:00,0591-87670667,28962,萨贝尔意式观景餐厅开创更高更新的比萨概念。继承来自意大利PIZZA的传统烹调方法，开创崭新的比萨文化。“以质取胜”，愿与大家共创美好未来。清淡爽口的萨贝尔比萨，全部点订现场制作，更松软，更可口。萨贝尔比萨口味清淡爽口，回味无穷,,False,1,43,28962,True,False
大龙燚火锅(恒宇国际店),41777959,四川火锅,,0,,3.8,100,1,东街口,95,26.0909,119.315175,鼓楼区温泉支路东城街边39号恒宇国际1楼（原H2酒吧隔壁）,,,进店用餐请带上车卡，买单时咨询领取两小时免费停车卡,双人餐128元，2-4人餐198元，4人餐238元，3-4人餐288元;1代78元，88代100元;,周一至周日 11:00-04:00  2019-02-04至2019-02-06 17:00-04:00,0591-83365656/17759137189,28432,,,False,0,137,28432,True,False
德庄火锅(金融街万达广场店),1029485,重庆火锅,德庄火锅,30931,http://p0.meituan.net/poi/2dfe2a1481831ab8a64a624ba6aea79670717.png,5,79,33,台江万达,97,26.052029,119.34253,台江区鳌峰路金融街8号万达广场3楼（近曙光路）,3,,免费停车,双人餐158元起;33代50元;,周一至周日 10:30-21:30,0591-88359688,28288,德庄火锅是主要进行火锅直营和连锁加盟扩展业务的民营企业。做不一样的火锅，做与所有火锅不一样的特色是我们追求的核心理念。 公司管理团队大部分属于70后、80后，以创新思维、务实进取为工作方向，充分发挥个人主观能动性、体现个人价值，同时注重团队建设、让个人在团队中激发出**的力量。 德庄火锅提倡绿色、健康、营养的餐饮食品，商家提出了“以德经商，以德兴庄”的经营理念和“科技兴火锅，重庆德庄火锅以优质的选料，精致的菜品，温馨的服务，静待您的光临。,,False,0,55,28288,True,False
餐海·鲜活自助餐(五四北泰禾店),177871205,海鲜自助,,0,,3.4,145,136,五四北,96,26.139339,119.325545,晋安区秀峰路423号五四北泰禾广场5楼,5,"4285,4283,",,单人午餐136元，单人晚餐146元;,周一至周日 11:30-15:00 17:30-22:00,0591-87952729,28190,,,False,0,333,28190,False,False
香帝西饼(罗马店),842660,蛋糕,香帝西饼,1163652,,4.3,10,8.8,长乐市中心城区,2954,25.95483,119.508286,长乐市罗马花园1座3号店（近教育局）,,,,,周一至周日 07:00-23:00,0591-28991979,28028,福建香帝食品有限公司创立于1994年，位于福建省侨乡长乐市、历经18年的发展，已发展为长乐区域烘焙行业品牌与龙头企业。香帝公司现拥有月饼、蛋糕、面包、西点、干点五大类完整的食品生产体系，生产品种多达三百多款。香帝公司目前在长乐市拥有1家中央生产基地，12家连锁门店，产品供应肯德基、上岛咖啡、邮政速递、星级酒店、银行系统等高端品牌客户。香帝公司一向注重产品质量，精选优质新鲜原料，烘焙中不添加食品防腐剂，并严格按照质量管理体系要求，从上游供应商到生产、储运至销售服务进行细致、周密品质管理，确保产品优质安全，实现每天向门店提供的都是新鲜美食。香帝公司在技术研发、产品质量、品牌建设、市场占有率方面均保持区域行业市场的领先地位，香帝公司两度荣获“全国优秀饼店”称号及2007-2008、2009-2010年度“福州市守合同重信用”企业称号，香帝已成为“福州市知名商标”。,,False,1,25,28028,False,False
韩台缘(街心店),5935069,韩国菜,韩台缘,1780559,,4,40,36,街心公园,1186,25.719323,119.383203,福清市小桥街环球商业中心3层A2店铺（原店往前走到尽头）,,,,双人餐36元，3-4人餐90元;70代80元;,周一至周日 10:00-21:00,0591-85160522,27944,享受韩式餐饮就在韩台缘。,,False,1,26,27944,True,False
星洲蕉叶(泰禾店),6173197,南洋中菜,,0,,4.5,104,92,五四北,96,26.139593,119.325704,晋安区泰禾广场4楼,4,"4285,4283,",有停车位,92代100元;,周一至周日 10:00-22:00,0591-88235800,27887,在这里，能触摸东南亚的异域风情。 在这里，能回味热带菜肴的口唇留香。 在这里，能感受雨打芭蕉的神秘气息。  “星洲蕉叶”不同于传统的泰式餐厅，除保留东南亚经典菜式之外，还从新加坡、泰国、印度等东南亚各国特聘多位名厨研发中西融合式的东南亚菜。充分考虑到国人的饮食习惯，融入了本土的材料、调味及烹饪方法，在不断创新中求变、求新、求佳，为广大食客提供了色、香、味俱全的精美菜式，让每位顾客都能拥有从味蕾至心灵的享受。 星洲蕉叶，因其独特的经营理念、管理模式，已成为福建省知名的特色餐饮企业。目前公司已在福州、漳州、温州、深圳等城市开设直营店，还将把星洲蕉叶泰禾店打造为中国新概念东南亚菜的旗舰店。秉承积极进取的创业精神， 将“星洲蕉叶”打造为东南亚美食的梦工厂，成为中国受欢迎的东南亚菜系连锁品牌！,,False,0,26,27887,True,False
佳客来(罗源滨海新城店),6612155,牛排,佳客来,204252,http://p1.meituan.net/poi/08c88b324bb987790e6c5c74e8a6298b18355.png,3.9,42,118,罗源湾滨海新城,2957,26.470551,119.594598,罗源县滨海新城世纪金源购物中心A区三楼,3,,免费提供999个停车位,双人餐118元，3人餐188元;,周一至周日 09:00-21:30,18060472739,27495,佳客来牛排专家，是一家专业从事牛排制作与销售的餐饮连锁企业，奉行“品质为本，诚信至上”的企业精神在消费者心目中树立了良好企业形象。店内环境温馨舒适，服务贴心周到，是家庭聚会、友人聚会的不错选择。,,False,1,8,27495,True,False
蜀九香(金山融侨外滩店),119142735,四川火锅,,0,,3.8,121,82,江南水都,98,26.046064,119.285858,仓山区金山融侨外滩B区3号楼（尤溪洲桥旁）,,,,2-3人餐277元，4人餐436元;82代100元，88代100元;,周一至周日 09:00-03:00,0591-86273888,27461,,,False,0,313,27461,True,False
红运火锅小栈(三坊七巷店),112418804,四川火锅,,0,,4.9,93,87,左海/西湖公园,95,26.086945,119.296272,鼓楼区省府路92号二楼（老福州对面，达明路19号）,,"4286,",,2-3人餐189元，4人餐279元，8人餐439元;87代100元;,周一至周日 10:00-02:00  2019-02-04 10:00-20:00 2019-02-05 16:00-02:00,0591-87559017,27183,,,False,0,160,27183,True,False
八大道牛排,150368548,牛排,,0,,3.9,49,57,三叉街,98,26.039954,119.322586,仓山区六一南路明腾广场2F,,"4287,4070,",,9.5折（买单立享）;单人午/晚餐57元起;,周一至周日 11:00-21:00,0591-83322205,26965,,,False,1,75,26965,False,False
玛格利塔(湖东路店),5999673,披萨,玛格丽塔,1351163,http://p0.meituan.net/poi/0e925ec4a5330a532b2417bfb265b92036387.png,4.6,21,9.9,东街口,95,26.092692,119.30297,鼓楼区湖东路165-9华闽大厦1号店面（湖东路与井大路交叉口）,,"4280,4286,",,单人餐9.9元起，双人餐56.8元，3-4人餐99元;17.5代20元，25代50元;,周一至周日 09:00-23:00,0591-87527363,26590,玛格利塔披萨自成立以来，以“浓情意味，现烤披萨”的理念让玛格利塔在市场的机遇不断提高。人们的生活水平在不断提高，比萨这种西式餐品正在被越来越多的国人所接受随之而来的比萨文化正充满生活的每个时刻。比萨不再仅仅是一种食品，它逐渐与时尚、品位紧紧联系在一起，体现出高尚品质的现代生活，或是交友谈心，或是商务会谈，或是休闲怡情尽在一块香浓美味的比萨中。,,False,1,34,26590,True,False
乾华·升隆会,40268360,综合自助,,0,,4.5,350,288,台江万达,97,26.054489,119.339476,台江区鳌峰路升龙汇金中心2层,,,,双人餐288元，单人午餐319元，单人晚餐379元，[4]人晚餐1516元;,周一至周日 12:00-14:30 18:00-21:30  2019-02-05至2019-02-06 休息,0591-88617778/88619998,26493,,,False,0,37,26493,True,False
小鱼小牛(东百中心店),162987374,干锅/香锅,,0,,5,85,129,东街口/三坊七巷,95,26.085219,119.298951,鼓楼区八一七北路东百中心A馆10楼（东街口地铁站C出口旁）,10,"4286,4282,",,每满100减5（买单立享）;双人餐129元，3人餐198元，3-4人餐199元，4人餐268元;,周一至周日 11:00-15:00 16:00-21:00,0591-87662829/87888720,26391,,,False,1,268,26391,False,False
华莱士(福兴店),832427,汉堡,华莱士,26189,http://p0.meituan.net/poi/40b78b9357bc226b82ad406d2d4ae43429705.png,4.2,18,3.8,东区/鼓山,96,26.071846,119.364163,晋安区福兴投资区樟林路14-15号,,"5313,",,3.8元特价黑椒鸡块，7.8元小吃组，9.9元单人餐A，10元小食套餐，13.9元单人餐B，19.9元双人餐A，28.9元双人餐B;,周一至周日 08:00-22:00,0591-87940321,26319,烤翅、蜜汁烤鸡、板烧汉堡蛮好吃的，价格也“比KFC和麦当劳便宜”。而且“分店很多”，“一般都能找到在公司附近的”。叫份外卖当工作餐，“换换口味不错”。,,False,1,19,26319,True,False
重庆龙湖鸭肠王火锅(梅峰店),42844145,火锅,,0,,4,118,78,金牛山/洪山桥,95,26.095008,119.272322,鼓楼区梅峰路中段15号（公交梅峰路站，福特4s对面）,,,停车位收费标准：详情请咨询商户,单人午餐78元，单人晚餐88元，6-8人餐488元;88代100元;,周一至周日 10:00-02:00,0591-38106999,26311,,,False,0,20,26311,True,False
餐海·鲜活自助餐(世欧广场店),170564925,海鲜自助,,0,,3.8,126,126,世欧王庄,96,26.070357,119.324139,晋安区晋连路世欧广场南区四楼,4,"5305,",,单人午餐126元，单人晚餐136元;,"周一至周五 11:30-14:00 17:30-22:00  周六,周日 11:30-14:00 17:00-22:00",0591-83670730,26278,,,False,0,446,26278,False,False
海中舟(五一店),159046223,海鲜,,0,,3.4,150,88,正祥中心,95,26.078224,119.311071,鼓楼区五一北路153号正祥中心负一楼,-1,"5310,5301,4282,",,4人餐598元，10人餐888元;88代100元;,周一至周日 11:00-13:30 17:00-21:00,0591-87330888/86321666,26213,,,False,0,182,26213,False,False
烘焙之家(万达店),2501814,蛋糕,烘焙之家,773000,,4.2,74,56,仓山万达广场,98,26.038591,119.27452,仓山区万达闽江新苑7号楼,,,免费提供10个停车位,56元蛋糕3选1，7英寸烘焙之家生日蛋糕63元，韩式蛋糕67元，彩虹蛋糕76元，6英寸慕斯蛋糕88元，韩式蛋糕93元，韩式冰淇淋蛋糕98元，118元蛋糕4选1，烘焙之家多拼慕斯蛋糕126元，烘焙之家切块慕斯蛋糕133元，麻将生日蛋糕135元，6英寸芭比娃娃蛋糕138元，8英寸慕斯蛋糕138元，汽车蛋糕138元，烘焙之家玩偶蛋糕138元，芭比系列蛋糕158元，23*23芝士慕斯杯168元，烘焙之家红...;,周一至周日 09:00-21:00  2019-02-02至2019-02-12 休息,0591-87777517,26148,烘焙之家地处仓山万达闽江新苑7#8号店，由西式面点高级技师为主导，让西式面点与中式糕点优质融合，诞生出一款又一款的经典美味的西点蛋糕，一起享受一款由我们为您精心订制的美味甜点。即是一种享受也是一种品味。首次走进网络，必将引领时尚美味潮流。 烘焙之家在产品研发上一直坚持，养生，低糖，低脂，新鲜美味的理念，以绿色，健康为前提，做工精美，口味浓香，适合各个年龄段的朋友享用。为了保证口味的纯正，主要制作原料，选用目前市场上最专业的进口烘焙原料，您所品味到的美味坚果与奶制品都经过了封闭式传送、严格审查、层层把关的严谨工序，保证生产工艺的安全与卫生细节，封闭式的操作间保证了产品的安全，给您在享受美味的同时带来更安全的信誉保障。,,False,0,23,26148,True,False
里仁为美烘焙(南区店),4262336,蛋糕,里仁为美烘焙,1706485,,4.1,10,8.8,农林大学,98,26.082918,119.23969,仓山区福建农林大学校内南区第八食堂旁边里仁为美烘培店（近和爱购超市）,,,,125.8元蛋糕3选1;8.8代10元;,周一至周日 09:00-22:00,0591-88880337,25862,里仁为美蛋糕烘焙店，位于农林大学校内南区第八食堂旁边及内下安桃山宿舍区5号楼1号店面，商家严选食材，烘焙出优质的口味。一进屋，整洁的店堂、开放的货架、连同西点奶酪特有的香味扑面而来。悠扬的乐曲与鲜美的糕点亲密接触，还真让人食欲顿生、胃口渐开。带上一杯奶茶、啜一口冷饮，足以让人忘掉琐事缠身的烦恼，尽享休闲的乐趣。,,False,0,15,25862,True,False
德天肥牛海鲜火锅(东二环泰禾店),64642075,海鲜火锅,,0,,4.2,88,85,东二环泰禾广场,96,26.090918,119.334643,晋安区连江北路东二环泰禾广场新天地18号楼3F,3,,,2-3人餐168元，4人餐358元;85代100元，90代100元;,周一至周日 09:30-00:30,0591-87503111,25779,,,False,0,93,25779,True,False
福州世茂洲际酒店·绽放全日制餐厅,5953272,综合自助,,0,,3.9,196,148,工业路/茶亭,97,26.068828,119.306349,台江区广达路108号4楼,,"4277,5301,5307,",停车位收费标准：提供免费停车位,单人午餐148元，单人晚餐238元;,周一至周日 06:30-23:00,0591-86251226,25663,世茂洲际酒店 绽放全日制餐厅 提供超五星级的产品、服务及环境，在充满丰富多彩的亚洲夜市文化氛围中，汇聚了中西特色的自助餐及零点菜品。独特的香料，赏心悦目的烹饪用具和美味佳肴一起绽放在美食的舞台上。时尚和经典的环境风格使绽放餐厅成为休闲聚会、商务应酬或是家庭聚餐的理想选择。,,False,0,27,25663,True,False
一筷涮自助火锅(则徐店),2570329,火锅自助,一筷涮自助火锅烧烤,93927,,3,54,65,白湖亭,98,26.027971,119.335529,仓山区则徐大道沃尔玛2楼,,"4074,",,单人午餐65元;,周一至周日 10:30-22:00  非营业时段 2018-02-15至2018-02-17 全天,0591-83481848,25502,一筷涮自助火锅，以“弘扬自助饮食文化，做消费者的健康饮食专家”为宗旨，餐厅装饰及风格以西方后现代时尚元素为主，为顾客提供一种“，精致华美，但不失艺术”的用餐环境。一筷涮始终以消费者至上的理念，不断的改善品质、提高服务，不断的丰富菜品，店内有多种海鲜，有烧烤，为每一个顾客营造舒适的环境、实惠的价格，一筷涮期待您的选择。,,False,0,43,25502,True,False
国惠大酒楼(宝龙店),1875365,海鲜,国惠大酒楼,360783,http://p0.meituan.net/poi/8c2997a75631e5300b11c21553f4ad7a24265.png,4.2,105,699,宝龙城市广场,97,26.06028,119.292706,台江区工业路193号宝龙城市广场正后侧（近万象城）,,"5302,5311,",商家服务：停车位收费标准：提供多个免费停车位,10人餐699元起;,周一至周日 10:00-22:00,0591-87280666,25372,福建国惠大酒店有限公司发源于福建省长乐市金峰镇，“国惠品牌”自1986年由董国惠先生创办，主要以发展餐饮酒店服务业为主，先进的硬件设备，实力雄厚的管理团队，以及不断的开拓进取，在餐饮行业内已享有盛誉。目前，在福州拥有宝龙国惠大酒楼、五里亭国惠大酒楼、仓山万达国惠大酒楼、国惠大酒楼五四北店以及建瓯市正在筹备的五星级国惠大酒店；在长乐市拥有长乐金峰国惠大饭店、长乐市金峰国惠大酒店以及长乐市首家四星级酒店长乐国惠大酒店；在平潭市拥有享誉已久的平潭国惠大酒店；在厦门市拥有厦门万达国惠大酒楼。国惠的步伐将在国惠集团店所有员工以及社会各界人士的共同关注下继续向前迈进,,False,0,40,25372,True,False
圣杰士阳光餐厅(福清沃尔玛店),5879098,披萨,圣杰士阳光餐厅,366223,http://p0.meituan.net/poi/3afae22dc651354b6f5b48db498fa46374972.png,4.1,58,92,好又多,1186,25.719628,119.369453,福清市福清清昌大道国际商展中心沃尔玛北侧,,,,92代100元;,"周一至周五 11:00-22:00  周六,周日 10:30-22:30",0591-86966888,25314,圣杰士阳光餐厅，圣杰士源自英文Jazzy，有爵士特点的、热情的、奔放的、愉悦的，寓意着圣杰士年轻、活力、时尚、热衷挑战的品牌个性。圣杰士的比萨、牛扒、焗饭、意面即叫即做，用265摄氏度的高温于8分钟内烹制而成，以保持食物的水份及鲜味，不但味道香醇，还能将食物的香味发挥得淋漓尽致。,,False,1,97,25314,True,False
袁记串串香,42600915,串串香,袁记串串香,1000159,http://p1.meituan.net/poi/48f0ded2571646a9e48050ddfe2a258c144157.png,5,59,85,金鸡山公园,96,26.09928,119.316829,晋安区六一北路129号（洋下新村公交车站旁）,,"4278,",免费提供20个停车位,85代100元;,周一至周日 10:00-05:00,0591-87895800,25141,,,False,0,181,25141,True,False
炉鱼(中防万宝城店),161106923,烤鱼,,0,,3.7,63,92,万象城,97,26.062198,119.289981,台江区西环中路中防万宝城负2楼,-2,"5302,5311,",,2-3人餐145元，5-6人餐268元;92代100元;,周一至周四 10:30-14:00 16:30-21:30  周五至周日 10:30-21:30  2019-02-04至2019-02-07 休息,15759875330,24948,,,False,0,249,24948,False,False
揽季锅物会(水调歌头店),1557975,海鲜火锅,揽季锅物会,569300,http://p0.meituan.net/poi/fded9bdabb4ed605c9e5423f04c360ac209295.png,5,123,190,温泉公园/福州广场,95,26.094539,119.312232,鼓楼区湖东路288号水调歌头2层,,,,每满100减2（买单立享）;双人餐299元，4人餐499元，6人餐899元;190代200元;,周一至周日 全天,0591-87403336,24919,揽季锅物会成立于2012年，是一家以“海鲜火锅”为主的火锅连锁餐厅。揽季锅物会一直坚持以“揽四季，悦四方”为服务宗旨，将四季的象征精神和多样风情作为餐厅的服务和经营之本，致力打造“真情，温暖”的火锅品牌。自成立以来，揽季锅物会遵循“聚在一起，让味道更有味道”品牌理念，并为有需要的顾客准备围裙、眼镜布、发绳，及免费的美甲服务。揽季始终推崇诚信原则，店内设有公平秤与“透明式”厨房政策，每一位顾客都可以参观厨房，海鲜生猛且明码标价，处处体现“真诚”的核心价值观。,,False,0,107,24919,True,False
向阳坊(万达店),1877165,蛋糕,向阳坊,23801,http://p0.meituan.net/poi/3f6bc44a59b7506e3b50ca629a8bec0764214.png,3.5,11,17,台江万达,97,26.052758,119.342253,台江区曙光路东侧金融街万达广场室外步行街1F-91-92号店面（近曙光路）,1,,,98元蛋糕2选1，146元蛋糕2选1，缤纷鲜果146元，216元蛋糕2选1，缤纷鲜果216元，298元蛋糕2选1，缤纷鲜果388元，388元蛋糕2选1;17代20元;,周一至周日 07:00-22:30,0591-87385337,24905,向阳坊烘焙名店起源于台湾，结合中国传统文化习俗与欧、日烘焙精髓，在产品口味上不断创新，给顾客新的惊喜。独特的口味给人不一样的感受。在产品上更全心投入研发工作，给消费者带来了贴心的服务。,,False,1,39,24905,True,False
晋都戴斯国际酒店·西餐厅,835370,西餐自助,晋都戴斯自助餐,621724,,3.9,81,29,五里亭,96,26.079763,119.335402,晋安区连江北路487号福州晋都戴斯酒店2层（近五里亭立交桥北侧）,,"5315,5305,",免费提供20个停车位,29元下午茶单人套餐，单人晚餐109元;92代158元;,周一至周日 11:30-14:00 17:30-21:00,0591-88189888,24868,福州晋都戴斯国际酒店秉承戴斯集团“阳光品质，价值之选”的服务理念，倡导时尚、高雅、华贵、经典的和谐搭配，每一处设计都凝结了世界各个领域创作大师的灵感与杰,,False,0,61,24868,True,False
阿楷·渔家小寨,833746,海鲜,,0,,3.7,66,46.5,左海/西湖公园,95,26.086557,119.2957,鼓楼区达明路双抛桥二里（水舞功夫斜对面）,,"4286,",,46.5代50元;,周一至周日 10:00-04:00,0591-87566963/88006166,24779,阿楷乡村鱼蛙馆地处双抛桥二里（渔家小寨旁边），双抛桥新村附近，适合多人聚餐，海洋现代时尚风格结合蓝紫色设计营造温馨氛围，店内拥有乡村黄金蛙等特色菜，一锅两吃，让你感受别样的美食诱惑！,,False,0,57,24779,True,False
汉拿山(东二环泰禾店),78442917,韩式烤肉,汉拿山,25856,http://p0.meituan.net/poi/2c0577def9e51d5dbb131e5d8fcf419a54667.png,3,96,39.9,东二环泰禾广场,96,26.090589,119.33683,晋安区岳峰镇竹屿路6号东二环泰禾城市广场商业中心22号楼5层L515商,5,,,双人餐199元，4人餐388元;39.9代50元，95代100元;,周一至周日 10:00-22:00  2019-02-04至2019-02-10 10:00-22:00,0591-63168689,24714,,,False,1,84,24714,True,False
K牛自助牛肉火锅(达明店),192813595,火锅自助,,0,,3.2,75,65.8,东街口/三坊七巷,95,26.08636,119.29595,鼓楼区达明路12号老福洲对面令狐冲窖烤活鱼2楼B口,,"4286,",,单人午餐65.8元，单人午餐68.8元，单人晚餐75.8元，单人晚餐78.8元;,周一至周日 10:30-14:30 16:30-22:30,0591-87529231,24823,,,False,0,1146,24823,False,False
591涮烤吧,41052070,综合自助,,0,,3.8,64,61,龙田镇,1186,25.60528,119.44852,福清市大真线融鼎新天地2层9号楼222室,,,免费提供10个停车位,单人午餐61元，单人晚餐71元;,周一至周日 10:30-21:00,0591-85538877,24611,,,False,0,31,24611,True,False
花潮日料艺食馆,5316494,日料自助,,0,,4.5,236,298,世欧王庄,96,26.069707,119.326943,晋安区晋连路世欧广场南区5楼9-11号,5,"5305,",,单人午餐298元起;,周一至周日 11:00-14:00 17:00-22:00  2019-02-04至2019-02-05 休息,0591-86255598,24448,,,False,0,100,24448,True,False
大丰收鱼庄(五四北泰禾广场店),6421521,鱼火锅,大丰收,380465,http://p0.meituan.net/poi/34c673f11151f7abcb1b0ed5b47bfb8814729.png,3.5,83,90,五四北,96,26.139806,119.324779,晋安区秀峰路188号五四北泰禾广场5层,5,"4285,4283,",,双人餐158元，3人餐228元;90代100元;,周一至周日 10:30-22:00,0591-87790755/18650084970,24215,,,False,1,28,24215,True,False
蜜思牛自助美食工场(正荣店),116036417,综合自助,,0,,5,100,75,正荣财富,2955,26.018499,119.218762,闽侯县新保路正荣广场3楼（乌龙江南大道与浦上大道交汇处）,3,,,单人餐75元起，单人午餐95元，单人晚餐115元，3人餐198元起，4人餐396元;,周一至周日 11:00-14:00 17:00-21:00,0591-22060611,24128,,,False,0,84,24128,True,False
蜀九香(恒力博纳广场店),160769404,四川火锅,,0,,3.3,135,82,省体/湖前,95,26.108895,119.299291,鼓楼区北二环中路12号博纳广场2楼,2,,,2-3人餐277元，4人餐436元;82代100元，88代100元;,周一至周日 11:00-06:00,0591-38078999,24061,,,False,0,236,24061,False,False
台湾平价牛排(展进路店),1877056,牛排,,0,,5,29,26.5,三叉街,98,26.040702,119.327503,仓山区展进路福盛苑13号店面（先锋幼儿园正对面，报刊亭背后，第四家）,,"4070,4287,",,每满50减3（买单立享）;单人餐26.5元起;,周一至周日 10:30-21:30  2019-02-01至2019-02-11 休息,13338282871,23959,台湾平价牛排，好牛排不一定只能在西餐厅才能吃到，便宜的小店不一定就吃不到好吃的牛排。 想吃好吃又便宜的牛排吗？台湾平价牛排是您不二选择,,False,1,57,23959,True,False
福州空港佰翔花园酒店(SLOW西餐厅),81206385,综合自助,,0,,4.2,59,79,长乐机场,2954,25.909141,119.666594,长乐市国际机场机场高速路出口红路灯处加油站对面（往南澳方向）,,,停车位收费标准：可以免费停车,单人午餐79元，单人晚餐99元，双人晚餐198元;,周一至周日 06:00-09:30 11:30-14:00 17:30-21:00,0591-28014888,23884,,,False,0,64,23884,True,False
阿来泰国餐厅(西湖店),1878205,泰国菜,阿来泰式餐饮,24112,,3.9,80,95,左海/西湖公园,95,26.089889,119.290158,鼓楼区湖滨路66号中福西湖花园1号楼C区2楼（近普拉达酒吧2楼）,,"4280,",停车位收费标准：商户不报销停车费,每满100减5（买单立享）;双人餐150元，6人餐340元;95代100元;,周一至周日 10:00-22:00,0591-87040128,23839,,,False,0,10,23839,True,False
森山仙草(仓山万达店),40915389,西式甜品,,0,,4.1,13,8.5,仓山万达广场,98,26.037144,119.273234,仓山区万达广场金街4号门出口西北行50米（85度C面包店，麦田房产）,-2,,,每满10减1.5（买单立享）;14.9元招牌仙草，16.9元综合仙草冻3选1;8.5代10元;,周一至周日 10:00-23:00  2019-01-30至2019-02-13 休息,0591-87573783,23777,,,False,1,53,23777,True,False
说麻道辣(温泉店),1485071,川菜,说麻道辣,1013104,http://p1.meituan.net/poi/bfd6464048aeb8fbb9d9465df856470956818.png,5,55,88,东街口,95,26.090307,119.310991,鼓楼区温泉支路28号一8（珊珊粥铺楼上、公交车站对面）,,,有停车位,3-4人餐88元;,周一至周日 11:00-13:30 17:00-21:00,0591-87504303,23405,,,False,1,3,23405,True,False
无味舒食(东百店),175366101,素食,,0,,4.5,163,92,东街口/三坊七巷,95,26.084562,119.299336,鼓楼区八一七北路122号东百中心C1座4楼（近地铁1号线东街口站C出口）,4,"4286,4282,5301,",,双人餐188元起;92代100元;,周一至周日 11:00-21:00,0591-88855333,23400,,,False,0,259,23400,False,False
杨太有礼(蒙古营店),29048,蛋糕,杨太有礼,30215,,4.1,30,30,省立/旗汛口,95,26.08584,119.30829,鼓楼区五一北路28号（近蒙古营车站）,,"4286,",,118元蛋糕10选1，128元蛋糕3选1，168元蛋糕8选1;30代48元;,周一至周日 07:00-23:00  2019-02-02至2019-02-10 休息,0591-87912890/13358277483,23399,杨太有礼创始人杨宗德先生以其夫人称呼命名为“杨太”，同时，Logo墙以女性为主。整家杨太有礼充满浓浓爱意，让人感动。杨太有礼的店名很特别，为什么取名“杨太有礼”？是因为在当地走亲访友的时候，会带着一份伴手礼，把祝福和思念的心意借以传达。如今杨太有礼有幸为福州的朋友提供和弘扬这种和谐之礼,,False,1,1,23399,True,False
钢管厂五区小郡肝火锅串串香,174963595,串串香,,0,,4.9,63,29,万达广场,1186,25.714871,119.346473,福清市侨荣城7号楼,,,,单人午餐29元，单人午餐59元，108元三人行套餐❤️，152元情侣套餐，198元啤酒套餐，322元钢管厂聚会套餐;88代100元;,周一至周日 11:00-03:00,0591-85399789,23317,,,False,0,411,23317,False,False
丽景假日大酒店西餐厅,164350508,海鲜自助,,0,,3.4,111,109,省体/湖前,95,26.11641,119.29895,鼓楼区福飞路199号丽景假日大酒店一楼,,,,单人午餐109元，单人晚餐129元，单人午餐129元，单人晚餐149元;,周一至周日 11:30-14:00 18:00-21:00,0591-22030999,23312,,,False,0,88,23312,False,False
梅园国际大酒店·自助餐厅,96198810,综合自助,,0,,4.5,146,128,台江万达,97,26.06025,119.35293,台江区远洋路339号（鼓山镇实华·蓝湾雅境斜对面）,,,,单人午餐128元，单人晚餐158元，双人午餐249元，双人晚餐310元;,周一至周日 全天,0591-86129995,23269,,,False,0,168,23269,True,False
凡塔斯牛排餐厅(连江店),6692904,西餐,凡塔斯牛排,237945,http://p1.meituan.net/poi/7d673b3690f39ec5e430e0dc552f73b4155909.png,3.7,63,82,连江县中心城区,2956,26.21108,119.542849,连江县凤城镇敖江路龙芝商业广场一楼（新华都购物广场入口处、惠好百姓药店附近）,1,,免费停车,单人餐82元起，双人餐158元;,周一至周日 10:30-21:30,0591-26130186,23191,“凡塔斯”LAS VENTAS，一个充满传奇色彩，代表勇敢和荣耀，充溢着地中海浪漫风情的 响亮名称。其富含多重意蕴、积淀丰富的精神涵义，都赋予了“凡塔斯”牛排深刻而广阔的文化内涵。作为“凡塔斯”主营的特色产品，牛排的烹饪技艺不仅得益于西班牙厨艺名师的真谛传导——将西欧的饮食文化融入产品理念中，从食物出发，以美味动人。为品味卓越的都市人群缔造富有西班牙特色的美味情缘。凡塔斯与牛排的渊源始于2006年1月，彼时**家门店开张。经营之初，秉持“与客人分享、从不计较”的理念，数年来获得众多新老顾客的好评，好口味、好口碑迅速传开，客 人从此络绎不绝。为更多的美食爱好者带去全新的体验和卓越的享受。“美味的食物，用心的服务，超值的享受”是凡塔斯经营的不二法门。随着品牌名气的不断提高，市场影响力不 断扩大，凡塔斯在市场的占有率也跟着相应地增长。在福建区域形成自己的品牌规模，拥有一批忠实的消费群。 未来，我们将致力于成为中国优秀的餐饮企业连锁品牌，将凡塔斯开向全国，让更多的人分享由凡塔斯牛排带来的幸福体验！,,False,0,9,23191,True,False
1718海鲜火锅(五四路华福店),52173927,海鲜火锅,,0,,5,104,198,温泉公园/福州广场,95,26.098653,119.306566,鼓楼区五四路173号新华福广场b座2楼,,"4284,4278,4280,",,5-6人餐198元，2-3人餐269元，4人餐459元，5-6人餐699元，10人餐999元起;,周一至周日 11:30-13:30 17:30-02:30,0591-83281718,23015,,,False,1,120,23015,True,False
壹顿牛排(万象城店),115618021,牛排,,0,,4.6,29,32.9,万象城,97,26.064798,119.290255,台江区西环中路691号万象城B1层,-1,"5302,5311,",,单人餐32.9元起;,周一至周日 10:30-21:30,18030210916,22985,,,False,1,81,22985,False,False
凯宾斯基酒店·凯仕餐厅,41342757,海鲜自助,,0,,5,204,158,东二环泰禾广场,96,26.092663,119.332196,晋安区横屿路1号福州泰禾凯宾斯基酒店1F（东二环泰禾广场营销中心旁）,1,,,单人午餐158元，单人午餐188元，单人晚餐258元，单人晚餐288元;,"周六,周日 06:30-10:30 11:30-14:00 17:30-21:00  周一至周五 06:30-10:00 11:30-14:00 17:30-21:00",0591-86306206/88999988,22977,,,False,0,105,22977,True,False
探鱼(苏宁广场店),42665358,烤鱼,探鱼,1723817,http://p0.meituan.net/poi/bfcdf2bcdccdfc3a524af91bc3d69b7a57975.png,4.1,83,89,苏宁广场,97,26.062109,119.286365,台江区工业路233号苏宁广场5层,5,"5311,5302,",,每满100减8（买单立享）;89代100元;,周一至周日 11:00-22:00  非营业时段 2018-02-15至2018-02-15 04:00-24:00,0591-38119777,22785,,,False,1,159,22785,True,False
华丰贺氏(北大店),1153398,蛋糕,华丰贺氏,26183,,4.1,15,9.9,左海/西湖公园,95,26.092224,119.294675,鼓楼区北大路169号御西湖13-14号店（西湖福三中对面）,,"4280,4286,",有停车位,9.9元黑森林切件，“莓”好时光108元，8英寸蛋糕138元起，果仁果粒142元，小汽车148元，经典黑森林150元，芒果很黄174元;17代20元;,周一至周日 06:30-23:00,0591-83817355,22679,华丰贺氏始终坚持以传承与弘扬中华民族文化为己任，努力振兴民族品牌。以产品质量为企业生命，引进三套先进的月饼生产成套设备，从投料到成品全面实现全自动化生产流水线。一流的生产设备，再加上一流的生产经营管理，使得华丰贺氏跃上一个新台阶，华丰贺氏月饼已成为目前众多星级酒店代加工月饼优选厂家，华丰贺氏月饼已成为真正的五星级月饼。 华丰贺氏于2008年 7月正式全面导入全新的企业形象识别系统，华丰贺氏首家新形象旗舰店也同时开张，以一个全新的经营理念和创新的经营方式，优雅整洁赏心悦目的经营环境，打造出高格调的面包坊。华丰贺氏是目前福建省的面包专卖店，它的出现足以振撼烘焙界，它必将给福建烘焙行业带来一场新的革命，为全面提升福州烘焙水平做出新的贡献。,,False,1,59,22679,True,False
小龙坎老火锅(三坊七巷店),160817897,四川火锅,小龙坎,2883441,http://p0.meituan.net/poi/108c210fe9a4ae636e2711fa68841da394319.png,3.1,97,25,东街口/三坊七巷,95,26.080525,119.29843,鼓楼区吉庇巷72-2号（缘之园停车场）,,"4282,4286,5301,5307,",,2-3人餐186元，8人餐549元;25代50元，89代100元;,周一至周日 09:30-00:00,0591-87829355,22709,,,False,1,334,22709,False,False
锅小小锅旋转自助火锅(中防万宝城店),161874707,火锅自助,,0,,4.2,63,56,宝龙城市广场,97,26.061887,119.290925,台江区工业路199号中防万宝城负一楼肯德基与汉堡王中间,-1,"5302,5311,",,单人午餐56元，单人午/晚餐66元，双人午/晚餐132元，[4]人晚餐264元;94代100元;,周一至周日 11:00-14:00 17:00-21:30  2019-02-01至2019-02-09 休息,18649610315,22645,,,False,0,303,22645,False,False
东方红·老坛剁椒鱼头(万达店),1877867,湘菜,,0,,3.8,57,218,仓山万达广场,98,26.035576,119.273689,仓山区浦上大道276号仓山万达广场一区,3,,,4人餐218元;,周一至周日 10:00-22:00,0591-83818157,22567,,,False,1,6,22567,True,False
蜀大侠火锅(五一中路店),152399847,四川火锅,,0,,3.8,83,78,大利嘉/汽车南站,97,26.07246,119.312408,台江区五一中路71-3号,,"5310,4277,",,每满100减8（买单立享）;双人餐188元，4人餐298元，6人餐428元;78代100元;,周一至周日 11:00-03:00,0591-83288588,22415,,,False,0,93,22415,False,False
台湾森山仙草(西门永辉店),157110849,奶茶/果汁,,0,,5,17,8.5,左海/西湖公园,95,26.086718,119.287939,鼓楼区西洪路西门永辉对面（湖头街8号）,,,,14.9元招牌仙草，16.9元综合仙草冻3选1;8.5代10元;,周一至周日 10:00-23:00,18759188738,22294,,,False,1,83,22294,True,False
华莱士(文山店),40914660,汉堡,华莱士,26189,http://p0.meituan.net/poi/40b78b9357bc226b82ad406d2d4ae43429705.png,3.9,18,3.8,连江县中心城区,2956,26.211807,119.537818,连江县凤城镇文山北路太一新天地6号楼一层5号店,,,,3.8元特价黑椒鸡块，7.8元小吃组，9.9元单人餐A，10元小食套餐，13.9元单人餐B，19.9元双人餐A，28.9元双人餐B;,周一至周日 09:00-00:00,0591-26161627,22037,,,False,1,84,22037,True,False
一本屋寿司(五一路店),3262180,日式寿司,,0,,4.2,56,26,大利嘉/汽车南站,97,26.061657,119.313167,台江区五一南路28号（打铁垱车站附近）,,"4279,",,1-2人餐26元，单人餐28元，1-2人餐39元，3-4人餐92元，3-4人餐99元，3-4人餐168元;45代50元;,周一至周日 10:00-21:00,0591-83202235/18705005330,22028,一本屋和风精致料理，总公司位于上海西郊国际水产馆，在台湾60年知名水产北都食品有限公司和香港皇臣餐饮公司共同组建。台湾北都水产有限公司和上海西郊水产馆为一本屋提供新鲜的食材和**手的原物料，**时间送达到店内，满足客人娇宠的味蕾。公司从事进出口海产品贸易数十年，海产品远销日本，美国以及其它海外国家。海外客人和国内客人的认可，成就了公司蓬勃发展，也是对公司原材料品质的认可。我们有专业的养殖团队，在福建以及国内的其它地方都设有养殖基地，确保食材的掌控和监控。同时，我们也有渔船配备，确保采购和捕捞。香港皇臣餐饮公司，是专业的餐饮服务团队，精致的服务和客人至上的服务宗旨，一直是公司所推崇并发扬的企业文化。当然，一本屋的用餐环境也是我们引以为傲的一点，我们追求低调华丽的用餐氛围，小桥流水的设计，榻榻米包厢的惬意，以及处处弥漫的和风气息，让你更能感受到，你绝不仅仅在享受一份用餐，更是心灵的放松。我们的心意很简单，就是用新鲜的食材来娇宠你的胃，让你体内幸福的暖流瞬间开始涌动。,,False,1,0,22028,True,False
华莱士(宝龙城市广场店),835917,汉堡,华莱士,26189,http://p0.meituan.net/poi/40b78b9357bc226b82ad406d2d4ae43429705.png,3.9,18,5.8,宝龙城市广场,97,26.061477,119.292904,台江区工业路193号宝龙城市广场1层,1,"5302,5311,",,5.8元1人餐，8元单人餐，9.9元1人餐，15.8元烤腿堡单人餐，35.9元双人餐，36.3元双人餐;21代30元，25代30元;,周一至周日 09:00-24:00,0591-83800716,21778,烤翅、蜜汁烤鸡、板烧汉堡蛮好吃的，价格也“比KFC和麦当劳便宜”。而且“分店很多”，“一般都能找到在公司附近的”。叫份外卖当工作餐，“换换口味不错”。,,False,1,66,21778,False,False
阿弥陀佛珍素馆(三坊七巷店),113395284,素食,,0,,4.9,155,97,东街口/三坊七巷,95,26.082335,119.293471,鼓楼区三坊七巷通湖路251号正祥望园（消防博物馆与通湖公寓交汇处正对面）,,"4286,4282,",,单人午餐97元，单人晚餐111元，[4]人晚餐444元，[6]人晚餐666元，[10]人午餐966元，[10]人晚餐1106元;97代138元，111代158元;,周一至周日 11:30-14:00 17:30-21:00,0591-28329678/28359678,21714,,,False,0,131,21714,False,False
石山水美式餐厅(台江万达店),87299,牛排,石山水,844490,http://p1.meituan.net/poi/d3563263f9d6110ecbdeca724351815079490.png,3.7,84,98,台江万达,97,26.051703,119.342268,台江区鳌峰路31号江滨中大道北侧曙光路东侧金融街万达广场3层3-30室,3,,,单人餐98元，双人餐188元起;,周一至周日 11:00-22:30,0591-88359659,21619,石山水美式餐厅是隶属于双福集团旗下的一个全球连锁餐饮品牌，源自于1909年美国加利福尼亚州落杉矶西部小镇的一个阳光乡村牛排馆。他们以连锁经营为拓展模式，从自1998年福州五一广场双福楼门店开业以来，在新老客户的支持下，石山水美式餐厅已在福州繁华的各大商圈拥有六家直营连锁店，同时在宁德、泉州晋江和江苏盐城等相继开出连锁加盟店。秉着铸造美式西餐行业品牌的宏伟目标，石山水坚持将美式西餐的概念融入东方餐饮文化，在东西方的融合中，形成了崭新的适合中国人的西餐，开辟出一片新的天地。,,False,0,16,21619,True,False
辣皇朝(福新中路店),5797242,小龙虾,辣皇朝,1251027,http://p1.meituan.net/poi/27d84ebd0ddbc96ea8dda012fc849b4988577.png,3.8,99,229,五一广场/古田路,95,26.080902,119.322926,鼓楼区福新中路75-12号永同昌大厦1楼（福建彩印厂店面）,,"5305,",,2-3人餐229元，2-3人餐299元，4-6人餐399元;,周一至周日 16:30-02:00,0591-63360777,21536,辣皇朝火锅源自创始人之家传秘方，以辣皇朝实体店数十年经营为基石，坚持“以健康为本，以上品待客”，汲取、结合传统工法与现代设备之所长，经过工坊技术团队“‘醇香，川味”的融合与发扬，秉承“川人川味，蜀地蜀风”的文化取向和经营风格，塑造了厚重的品牌。,,False,1,3,21536,True,False
华莱士(状元店),5144398,汉堡,华莱士,26189,http://p0.meituan.net/poi/40b78b9357bc226b82ad406d2d4ae43429705.png,4.6,18,3.8,建新镇,98,26.07388,119.24956,仓山区洪塘路与闽江大道交叉口西北角（永辉超市对面）,,,,3.8元特价黑椒鸡块，7.8元小吃组，9.9元单人餐A，10元小食套餐，13.9元单人餐B，19.9元双人餐A，28.9元双人餐B;,周一至周日 09:30-23:30  2019-01-27至2019-02-08 休息,0591-87976517,21485,,,False,0,0,21485,True,False
四道菜(福清万达店),6341659,福建菜,四道菜,357814,http://p1.meituan.net/poi/59f6ebeaa3c4c86c97850c70f458062e67550.png,3.5,50,95,万达广场,1186,25.715482,119.350054,福清市清昌大道105号万达广场3F,3,,,95代100元;,周一至周日 11:00-15:00 17:00-22:00,0591-86958881,21394,,,False,0,38,21394,True,False
玛格利塔(吴航店),4912131,披萨,玛格丽塔,1351163,http://p0.meituan.net/poi/0e925ec4a5330a532b2417bfb265b92036387.png,4.6,20,9.9,长乐市中心城区,2954,25.960009,119.504053,长乐市航城街道锦江花园三区超市一层,,,,单人餐9.9元，双人餐56.8元;17.5代20元;,周一至周日 10:00-22:00,0591-28791779,21330,玛格利塔披萨自成立以来，以“浓情意味，现烤披萨”的理念让玛格利塔在市场的机遇不断提高。人们的生活水平在不断提高，比萨这种西式餐品正在被越来越多的国人所接受随之而来的比萨文化正充满生活的每个时刻。比萨不再仅仅是一种食品，它逐渐与时尚、品位紧紧联系在一起，体现出高尚品质的现代生活，或是交友谈心，或是商务会谈，或是休闲怡情尽在一块香浓美味的比萨中。,,False,1,4,21330,True,False
元申太日式铁板烧自助(中防万宝城店),161875453,日式铁板烧,,0,,4.5,139,129,万象城,97,26.062227,119.289636,台江区工业路193号中防万宝城美食城025号,-1,"5302,5311,",,单人午餐129元，单人晚餐139元，双人午餐256元，双人晚餐276元;,周一至周日 11:30-13:30 17:00-22:00  2019-02-04至2019-02-07 休息,0591-83826025,21135,,,False,0,249,21135,False,False
花姐过桥米线(万象城店),2364428,云南菜,,0,,4.6,21,0,万象城,97,26.064435,119.290625,台江区工业路378号万象城4层,4,"5302,5311,",,,周一至周日 10:30-21:00,,21074,米线是云南的特色食品。云南正宗过桥米线是将米线、汤料、配料分别制作，现吃现拌的烹调形式和食用方法。是米线中的上品，以用料考究，制作精良，吃法独特，独具风味而闻名中外,,False,1,0,21074,False,False
蚝门火锅(大利嘉城店),69921264,火锅,,0,,3.6,97,45,大利嘉/汽车南站,97,26.068424,119.312862,台江区五一中路151号华能大厦2楼（大利嘉城旁，同仁堂2楼）,,"4277,5310,",免费提供50个停车位,每满100减8（买单立享）;90代100元;,周一至周日 11:00-04:30,0591-87809898,21073,,,False,0,3,21073,True,False
小鱼小牛(爱琴海东百店),160458488,干锅/香锅,,0,,5,83,93,红星爱琴海广场,98,26.041321,119.279508,仓山区浦上大道198号爱琴海6楼东百08店面,6,,,每满100减5（买单立享）;双人餐129元，3人餐198元，4人餐268元;93代100元;,周一至周日 10:30-21:00,0591-83501775/83508750,21064,,,False,1,103,21064,False,False
华莱士(仙塔店),842936,汉堡,华莱士,26189,http://p0.meituan.net/poi/40b78b9357bc226b82ad406d2d4ae43429705.png,4.6,18,3.8,省立/旗汛口,95,26.085369,119.305359,鼓楼区仙塔新村4号楼31号店面（近三山大厦）,,"4286,4282,",,3.8元特价黑椒鸡块，7.8元小吃组，9.9元单人餐A，10元小食套餐，13.9元单人餐B，19.9元双人餐A，28.9元双人餐B;,周一至周日 08:30-24:00,0591-88388172,21009,烤翅、蜜汁烤鸡、板烧汉堡蛮好吃的，价格也“比KFC和麦当劳便宜”。而且“分店很多”，“一般都能找到在公司附近的”。叫份外卖当工作餐，“换换口味不错”。,,False,1,38,21009,True,False
西树泡芙(五四北泰禾广场店),5257731,蛋糕,,0,,4.2,12,9,五四北,96,26.13932,119.3255,晋安区坂中路6号3期6号楼第五层L516商铺,6,"4285,4283,",,每满10减1（买单立享）;39.8元摩提经典套餐;9代10元;,周一至周日 10:00-22:00,13850901504,20960,摩提，薄薄的冰皮糯米包裹着各种风味的馅料，吃起来冰冰的。随着不断地深入，口感层次也愈加丰富、同时伴随着淡淡的奶油，味道更具独特，欢迎大家来品尝。,,False,1,1,20960,True,False
聚春园大酒店(东街口总店),829843,综合自助,聚春园大酒店中餐厅,936031,,3.6,181,88,乌山/冠亚广场,95,26.086521,119.299619,鼓楼区东街2号，海峡影城对面（肯德基，新华都旁）,,"4286,4282,",商家服务：免费提供20个停车位,单人午餐88元，单人晚餐98元，单人午餐98元，单人晚餐108元，10人餐1280元起;,周一至周日 11:30-13:30 17:30-20:30,0591-87533604,20829,老字号闽菜馆，“在福州人心目中地位挺高”。佛跳墙是“镇店之宝”，“集多种山珍海味于一坛”，“汤浓味正”，上等品“需提前预订”。其他闽菜也都“不失水准”，卖相“精致”，口味“稳重”，“确有大家风范”。价格“真是贵”（加收服务费），“不是平头老百姓所能想象的”。适合商务宴请。,,False,0,230,20829,True,False
1718海鲜火锅(融侨一店),1124793,海鲜火锅,1718公馆,32951,,4.7,105,269,福州大学/西禅寺,95,26.067967,119.270076,鼓楼区西江滨大道66号融侨锦江B区35号店,,,,2-3人餐269元，4人餐459元，5-6人餐699元，10人餐999元起;,周一至周日 11:00-21:00,0591-83771718,20744,1718公馆致力于打造时尚、绿色、食惠的饮食文化，在饮食打造上，1718公馆结合《本草纲目》中阐述的多种食疗效用，推出各式养身火锅，佐以精心挑选的上品海鲜、天然河鲜、精品牛肉、手工丸滑、农家地道野味，打造出清新典雅的中式消费格调，能满足商务人士讲究乃至挑剔的口味，“1718”寓意“要吃要发”。作为一家在夏天开业的火锅餐厅，以其“不合时宜”而引起周围食客的广泛关注，而开业后生意的火爆也是令很多人不解的：夏天的火锅为何这么“火”？究其原因，除了广大消费者在相关论坛评论的“冷气充足”之外，大抵还有以下两个原因：1、环境清幽：1718公馆外遍植绿化树，乃至有荷叶；而室内则颇有茶艺居之雅静；2、火锅特色做：并非传统概念上的“鸳鸯锅”，而是结合了福州当地的消费饮食习惯，加入海鲜、山珍等多种元素,,False,1,5,20744,True,False
华莱士(百合店),1876860,汉堡,华莱士,26189,http://p0.meituan.net/poi/40b78b9357bc226b82ad406d2d4ae43429705.png,4.8,18,3.8,榕城广场/金山公交站,98,26.052727,119.265662,仓山区金山大道金山百合苑1号楼21号店面,,"5295,5303,",,3.8元特价黑椒鸡块，7.8元小吃组，9.9元单人餐A，10元小食套餐，13.9元单人餐B，19.9元双人餐A，28.9元双人餐B;,周一至周日 09:00-22:00,0591-88202500,20654,烤翅、蜜汁烤鸡、板烧汉堡蛮好吃的，价格也“比KFC和麦当劳便宜”。而且“分店很多”，“一般都能找到在公司附近的”。叫份外卖当工作餐，“换换口味不错”。,,False,1,17,20654,True,False
大渝火锅(台江万达店),163170087,重庆火锅,大渝火锅,2555833,http://p1.meituan.net/poi/b483f987ee42f4a49e025863a2df709e42219.png,5,111,23,台江万达,97,26.051578,119.34316,台江区鳌江路8号金融街万达广场3F,3,,,单人餐23元起;90代100元;,周一至周日 10:00-22:00,0591-83301217,20633,,,False,0,124,20633,False,False
华莱士(湖前店),1877258,汉堡,华莱士,26189,http://p0.meituan.net/poi/40b78b9357bc226b82ad406d2d4ae43429705.png,4.4,19,3.8,省体/湖前,95,26.112934,119.297071,鼓楼区福飞南路258号福泉花园8号店面,,,,3.8元特价黑椒鸡块，7.8元小吃组，9.9元单人餐A，10元小食套餐，13.9元单人餐B，19.9元双人餐A，28.9元双人餐B;,周一至周日 09:00-01:00,0591-87765780,20492,烤翅、蜜汁烤鸡、板烧汉堡蛮好吃的，价格也“比KFC和麦当劳便宜”。而且“分店很多”，“一般都能找到在公司附近的”。叫份外卖当工作餐，“换换口味不错”。,,False,1,48,20492,True,False
九龍唐港式料理,157762263,茶餐厅,,0,,4.1,80,118,东街口,95,26.08685,119.31482,鼓楼区东水路18号金仕顿大酒店一楼（东大路东水路口旁）,,,,双人餐118元，3-4人餐218元，3-4人餐228元，6人餐288元，5人餐298元，8人餐499元;,周一至周日 10:30-14:30 17:00-21:30,0591-88865555,20372,,,False,1,10,20372,True,False
华莱士(福湾檀府店),41719404,汉堡,华莱士,26189,http://p0.meituan.net/poi/40b78b9357bc226b82ad406d2d4ae43429705.png,4.2,19,3.8,福湾新城/湾边,98,26.01043,119.27741,仓山区建新镇福湾路透浦一路口春风苑一区7号楼2号店面,,,,3.8元特价黑椒鸡块，7.8元小吃组，9.9元单人餐A，10元小食套餐，13.9元单人餐B，19.9元双人餐A，28.9元双人餐B;,周一至周日 08:00-22:00,0591-83848973,20103,烤翅、蜜汁烤鸡、板烧汉堡蛮好吃的，价格也“比KFC和麦当劳便宜”。而且“分店很多”，“一般都能找到在公司附近的”。叫份外卖当工作餐，“换换口味不错”。,,False,1,41,20103,True,False
新华都海物会(五四店),150560913,海鲜,,0,,5,154,118,五四路,95,26.09631,119.30618,鼓楼区五四路162号华城国际五楼（电梯出口处）,5,"4284,4280,",,双人餐118元，4人餐238元，6人餐788元，10人餐1288元起;899代1000元;,周一至周日 11:00-14:00 17:00-21:00,0591-86303333,20089,,,False,0,164,20089,True,False
华莱士(小柳店),2658814,汉堡,华莱士,26189,http://p0.meituan.net/poi/40b78b9357bc226b82ad406d2d4ae43429705.png,4.6,18,3.8,黎明/小柳市场,95,26.075564,119.289768,鼓楼区柳河路1号13店面（小柳农贸市场对面）,,"5307,",,3.8元特价黑椒鸡块，7.8元小吃组，9.9元单人餐A，10元小食套餐，13.9元单人餐B，19.9元双人餐A，28.9元双人餐B;,周一至周日 08:00-22:00  2019-01-28至2019-02-15 休息,0591-22855509,20020,烤翅、蜜汁烤鸡、板烧汉堡蛮好吃的，价格也“比KFC和麦当劳便宜”。而且“分店很多”，“一般都能找到在公司附近的”。叫份外卖当工作餐，“换换口味不错”。,,False,1,22,20020,True,False
潮福城喜司唛烧腊饼店(秀山店),5126717,烧腊,潮福城,766216,http://p1.meituan.net/poi/8e4ee23b9782c208b7b3ccc281cab42d94527.png,4.3,10,8.8,五四北,96,26.133416,119.312679,晋安区秀山路新宿花园C区18号店面（益丰大药房旁边）,,"4283,4281,",,8.8代10元;,周一至周日 07:00-22:00,0591-87629585,19946,,,False,0,10,19946,True,False
韩阁炭火烤肉,4211177,韩式烤肉,,0,,4.1,75,95,左海/西湖公园,95,26.086557,119.294551,鼓楼区元帅路68-1号（三坊七巷斜对面）,,"4286,",,双人餐198元起，双人餐198元起，3人餐238元，4人餐288元;95代100元;,周一至周日 11:00-24:00,0591-83731777,19737,,,False,0,20,19737,True,False
华莱士(北尚店),41932543,汉堡,华莱士,26189,http://p0.meituan.net/poi/40b78b9357bc226b82ad406d2d4ae43429705.png,4.1,18,3.8,五四北,96,26.133631,119.312304,晋安区郭前路新宿花园14座2#3#店面,,"4283,",,3.8元特价黑椒鸡块，7.8元小吃组，9.9元单人餐A，10元小食套餐，13.9元单人餐B，19.9元双人餐A，28.9元双人餐B;,周一至周日 08:00-22:00,0591-83952660,19711,,,False,1,15,19711,True,False
华莱士(秀山店),2724334,汉堡,华莱士,26189,http://p0.meituan.net/poi/40b78b9357bc226b82ad406d2d4ae43429705.png,4.1,17,3.8,五四北,96,26.140565,119.324301,晋安区五四北路部队16号门面（永辉超市旁）,,"4285,4283,",,3.8元特价黑椒鸡块，7.8元小吃组，9.9元单人餐A，10元小食套餐，13.9元单人餐B，19.9元双人餐A，28.9元双人餐B;,周一至周日 09:00-00:00,0591-87959627,19648,,,False,1,74,19648,True,False
令狐冲·窑烤活鱼(连江店),41238035,烤鱼,令狐冲窑烤活鱼,1861897,http://p0.meituan.net/poi/4b195468026c96ab222cef00cb39a60637864.png,3.8,51,95,连江县中心城区,2956,26.210699,119.537801,连江县丹凤花园19-21号楼12-15号,,,,2-3人餐139元，3-4人餐188元;95代100元;,周一至周日 11:00-14:00 17:00-02:00,0591-26253777,19550,,,False,1,58,19550,False,False
高兴壹锅汕头鲜牛肉火锅,164841019,潮汕牛肉火锅,,0,,3.9,78,75,省立/旗汛口,95,26.086573,119.304306,鼓楼区东街92-2号（中福广场裙楼2楼，旗汛口公交站旁）,2,"4286,",,单人午餐75元，单人晚餐85元，双人餐99元，2-3人餐138元，4-6人餐258元，6-8人餐299元，单人晚餐390元，8-10人餐399元;85代100元;,周一至周日 11:00-24:00,0591-88282333,19398,,,False,0,240,19398,False,False
华莱士(洋下店),832442,汉堡,华莱士,26189,http://p0.meituan.net/poi/40b78b9357bc226b82ad406d2d4ae43429705.png,4,18,3.8,华林路/茶园,96,26.102233,119.316242,晋安区六一北路82号,,"4278,4284,",,3.8元特价黑椒鸡块，7.8元小吃组，9.9元单人餐A，10元小食套餐，13.9元单人餐B，19.9元双人餐A，28.9元双人餐B;,周一至周日 09:00-24:00,0591-87577920,19120,烤翅、蜜汁烤鸡、板烧汉堡蛮好吃的，价格也“比KFC和麦当劳便宜”。而且“分店很多”，“一般都能找到在公司附近的”。叫份外卖当工作餐，“换换口味不错”。,,False,1,24,19120,True,False
华莱士(连潘店),1876509,汉堡,华莱士,26189,http://p0.meituan.net/poi/40b78b9357bc226b82ad406d2d4ae43429705.png,4,18,3.8,紫阳/象园,96,26.06524,119.33143,晋安区国货东路373号友汇花园03号底商,,,,3.8元特价黑椒鸡块，7.8元小吃组，9.9元单人餐A，10元小食套餐，13.9元单人餐B，19.9元双人餐A，28.9元双人餐B;,周一至周日 09:00-02:00,0591-83670836,19045,烤翅、蜜汁烤鸡、板烧汉堡蛮好吃的，价格也“比KFC和麦当劳便宜”。而且“分店很多”，“一般都能找到在公司附近的”。叫份外卖当工作餐，“换换口味不错”。,,False,1,27,19045,True,False
Mr.FIVE伍氏(世欧王庄店),83238468,西式甜品,,0,,4.1,16,88,世欧王庄,96,26.072283,119.327607,晋安区长乐路世欧王庄3区2号05店面（世欧广场1号门对面）,,"5305,",,6英寸蛋糕88元起，6英寸萌宠蜜恋90元，6英寸鲜果嘉年华90元，6英寸虎皮鲜果90元，6英寸夏忆香芒98元，6英寸洛丽塔108元，8英寸蛋糕118元起，8英寸蛋糕118元起，8英寸虎皮鲜果128元，8英寸玛格丽特138元，8英寸俏皮猪138元，8英寸蝶恋花138元，8英寸萌宠蜜恋148元，8英寸旋转木马148元，马卡龙女神148元，8英寸夏忆香芒148元，8英寸洛丽塔148元;,周一至周日 07:00-23:00,0591-83616885,19020,福建泉州市伍氏特香包有限公司创立于1994年，拥有一座占地20亩地的全省烘焙业规模**的中央工厂生产基地，是从事面包、烘焙、中秋月饼、端午粽子、年节伴手礼等食品的研发、生产、销售为一体的食品加工销售发展型企业。 公司创始人伍维国先生经过20年的奋斗，已发展连锁门店超百家。2010年下半年为适应对外拓展及二次创业的需要，公司又斥资6200万对原有中央工厂生产线的设施设备进行全面升级改进，设备92%从德国、比利时、丹麦、日本等地采购引进。改造后的新生产线、生产设备及生产流程控管达到国内行业先进水平，生产能力足以满足350家以上连锁门店每天的需求产量。 伍氏公司历年来多次获得国家、省、市、区各级市政机关的表彰和荣誉称号，且长期被市政府、各辖区政府等相关职能部门指定作为“优秀企业行业标杆单位”，成为全国各省市地区参观、学习、交流窗口。 伍氏特香包将坚持以“诚信是金，质量为本”为企业核心经营理念，实现产品、服务双优，并用计划3-4年内完成福州、莆田、厦门、漳州、南平、龙岩等六个城市的网点布局，把伍氏特香包品牌打造成全国知名烘焙品牌。,,False,0,10,19020,True,False
黄鹤楼(新天宇广场店),2438152,湘菜,黄鹤楼,26296,http://p1.meituan.net/poi/3fabadf77e6ec19ca6cce8694835bd8f6623.png,4,57,80,火车南站,98,25.991574,119.366688,仓山区福峡路城门新天宇购物广场五楼（商场1号梯）,5,"4069,4073,",停车位收费标准：商场提供停车位,2-3人餐88元，3-4人餐136元，6-7人餐298元，10-12人餐489元;80代100元;,周一至周日 10:00-21:00,0591-83531179,19023,黄鹤楼食府，聚集鄂菜菜肴精华。店家对每一种菜品的食材处理要求极其严格，既保留食材的原汁原味，又在此基础上精研细作。主营湖北风味美食，特聘请湖北厨师，调用湖北原产地调料，精研细作原汁原味的正宗湖北美食，确保菜肴的正宗口味。黄鹤楼店内，采用中国红与黑为主色调，彰显楚风文化风格，古色古香，品味雅致，环境舒适，让您吃的舒心。,,False,1,39,19023,True,False
凯景海鲜码头,75926979,海鲜,,0,,3.6,112,179,福清,1186,25.73187,119.36164,福清市清廉路凯景新天地一楼,,,商家服务：免费提供10个停车位,单人午餐179元，单人晚餐229元;,周一至周日 11:30-13:30 17:30-20:30,0591-86088666,18957,,,False,0,188,18957,False,False
潇肴江湖(宝龙城市广场店),1151672,川菜,潇肴江湖泡椒田鸡王,764119,,4.1,50,63,宝龙城市广场,97,26.062018,119.291384,台江区工业路193号宝龙城市广场4层,4,"5302,5311,",商家不提供免费停车位,双人餐63元起;,周一至周日 10:00-22:00,0591-83331559,18897,潇肴江湖，江湖美味，道在江湖。从2010年至今，潇肴江湖泡椒田鸡王已经拥有多家分店，主要经营鄂菜、湘菜、川菜，让人们津津乐道的当然还是当家菜品“泡椒田鸡王”。泡椒田鸡源自四川，经过湖北鄂菜大师的精心改良，改善川味田鸡原有的麻味过重的口感，吸取鄂菜系滑嫩、开胃等优点，形成百吃不腻的新派泡椒田鸡王。这是一场胃的享受，视觉和味觉的冲击，带上你的胃，来潇肴江湖，给自己一次美丽的美食旅行。,,False,0,15,18897,False,False
德庄火锅(王庄店),41207995,重庆火锅,德庄火锅,30931,http://p0.meituan.net/poi/2dfe2a1481831ab8a64a624ba6aea79670717.png,4.4,82,33,世欧王庄,96,26.071161,119.326653,晋安区长乐中路155号世欧广场北区4楼,4,"5305,",,3-4人餐158元，4人餐268元;33代50元;,周一至周日 10:00-22:00,0591-86255988,18853,,,False,0,53,18853,True,False
华莱士(东景店),4491781,快餐,华莱士,26189,http://p0.meituan.net/poi/40b78b9357bc226b82ad406d2d4ae43429705.png,3.8,18,3.8,东区/鼓山,96,26.067779,119.3565,晋安区前屿东路金辉东景7号店,,"5313,5308,",,3.8元特价黑椒鸡块，7.8元小吃组，9.9元单人餐A，10元小食套餐，13.9元单人餐B，19.9元双人餐A，28.9元双人餐B;,周一至周日 10:00-00:00,0591-83961934,18849,,,False,1,36,18849,True,False
德克士(福清店),832986,快餐,德克士,23806,http://p1.meituan.net/poi/494fa71899e7f00eb7a32cd83495de9575988.png,3.7,24,5.5,街心公园,1186,25.719586,119.382617,福清市一拂街环球商厦斜对面2楼,,,,5.5元香辣鸡翅，6.5元脆皮炸鸡，8.9元魔法鸡块，11元咔滋薯霸买一送一，13元香辣鸡翅2次卡，15元食味炸鸡，16元孜然鸡柳2份，24元香酥双鸡堡，24元酸菜心动堡，25元双堡套餐，25.9元小食套餐A，26元超值单人餐A，29元十月新品小食套餐，32元手枪腿单人套餐，33元手枪腿第二件半价，34元双人套餐，39元一桶都是腿，45元心动堡双人餐，48元欢享双人餐A，79元多人分享套餐，89元...;,周一至周日 08:00-00:30,0591-85267329,18761,德克士（Dicos）是中国大陆的一家西式快餐连锁快餐厅，与康师傅同属于顶新国际集团。截至2009年12月12日为止，德克士在30个省、直辖市，共382个城市设有1100家餐厅。主要产品有汉堡、盖饭、薯条等。,,False,1,0,18761,True,False
黑电鱼粉(后埔街店),62177675,小吃快餐,,0,,5,15,3.9,街心公园,1186,25.720877,119.383079,福清市玉屏街道后埔街海韵大厦一层北侧巷店2号,,,,3.9元玉米汁，3.9元红豆汁，9.9元招牌鱼头粉，12.8元鱼粉;,周一至周日 09:00-22:00  2019-02-03至2019-02-12 休息,0591-85161270,18723,,,False,1,111,18723,True,False
半岛翡丽海鲜自助餐厅,80156378,海鲜自助,,0,,4.7,407,379,五四路,95,26.09471,119.30297,鼓楼区湖东路宏利大厦背后观风亭街23号（公正台湾美食城二楼）,,"4280,4284,",,单人午餐379元，单人晚餐449元，[4]人午餐1509元，[4]人晚餐1789元，[6]人午餐2249元，[6]人晚餐2669元;,周一至周日 11:30-14:00 18:00-22:00,0591-83353888/83678999,18687,,,False,0,101,18687,False,False
壹顿牛排(仓山万达店),119524467,牛排,,0,,4.4,29,32.9,仓山万达广场,98,26.035637,119.272699,仓山区浦上大道万达金街3号门旁,1,,,单人餐32.9元起;,周一至周日 10:30-22:00,18065418777,18617,,,False,1,79,18617,False,False
连江国惠大酒店(茶餐厅),5312965,茶餐厅,,0,,4.2,83,85,连江县中心城区,2956,26.206677,119.5349,连江县丹凤东路1号,,,,双人餐98元，4人餐198元;85代100元;,周一至周日 11:00-14:00 17:00-21:00  2019-02-03至2019-02-10 休息,0591-62988666,18505,,,False,0,49,18505,True,False
桥亭活鱼小镇(鼓山沃尔玛店),2755892,酸菜鱼/水煮鱼,桥亭活鱼小镇,28198,http://p1.meituan.net/poi/99beb5664435e1bcca77505f67cff1d811859.png,4.2,50,77,东区/鼓山,96,26.07015,119.352651,晋安区鼓山沃尔玛四楼（乘观光电梯直达四楼，近大梦敦煌KTV）,,"5308,",免费停车,双人餐77元起，3-4人餐113元;92代100元;,周一至周日 11:00-21:00,0591-83327177/400-036-5177,18476,【大鱼一条，小菜三碟”的健康生活，就在桥亭活鱼小镇 】 桥亭活鱼小镇始创于1999年11月18日，福建省著名商标。创立初期，餐厅经营面积仅仅为70平方米，员工8名。经过十四年的发展，现已拥有福州、厦门两个区域二十几家直营店，员工人数达到900多名。,,False,1,11,18476,True,False
那一家(五四北泰禾广场店),6979474,杭帮菜,那一家餐厅,27878,http://p0.meituan.net/poi/ea5a00eac37ac09df59d997d82bdb55f45256.png,4.8,47,92,五四北,96,26.139499,119.324654,晋安区五四北泰禾广场五楼（秀峰路和溪里路交口旁）,5,"4285,4283,",免费停车,双人餐99元，3-4人餐199元，5-6人餐323元;92代100元;,周一至周日 10:30-14:30 16:00-22:00,0591-87511717,18278,,,False,1,92,18278,True,False
牛太郎烧烤城(国际明珠店),1469018,烤肉自助,牛太郎,787603,http://p1.meituan.net/poi/23d7ebf3650e234f3b76ddc13bbab65f40828.png,3.8,74,60,长乐市中心城区,2954,25.957766,119.512696,长乐市吴航街道西洋中路110号国际明珠3楼C-D区商场,,,免费提供10个停车位,单人午餐60元，单人晚餐70元，双人午餐120元，双人晚餐140元，双人午餐180元，[3]人晚餐210元;,周一至周日 10:00-22:00,0591-28205578,18160,长乐吴航牛太郎餐厅是“牛太郎”的分店之一，“牛太郎”主要是以经营烤肉为主的连锁企业。目前，牛太郎烤肉连锁企业在全国已经有十几家分店相继开业，以真诚的服务、美味的菜肴以及实惠的价格，推广着正宗的烧烤美食，让消费者享受烧烤的饮食文化。,,False,0,35,18160,True,False
华丰贺氏(师大店),1153395,奶茶/果汁,华丰贺氏,26183,,4.1,12,9.9,学生街,98,26.038404,119.310514,仓山区上山路康山里13号（师范大学斜对面）,,,,9.9元黑森林切件，“莓”好时光108元，8英寸蛋糕138元起，果仁果粒142元，小汽车148元，经典黑森林150元，芒果很黄174元;17代20元;,周一至周日 全天,0591-88527332,18159,华丰贺氏始终坚持以传承与弘扬中华民族文化为己任，努力振兴民族品牌。以产品质量为企业生命，引进三套先进的月饼生产成套设备，从投料到成品全面实现全自动化生产流水线。一流的生产设备，再加上一流的生产经营管理，使得华丰贺氏跃上一个新台阶，华丰贺氏月饼已成为目前众多星级酒店代加工月饼优选厂家，华丰贺氏月饼已成为真正的五星级月饼。 华丰贺氏于2008年 7月正式全面导入全新的企业形象识别系统，华丰贺氏首家新形象旗舰店也同时开张，以一个全新的经营理念和创新的经营方式，优雅整洁赏心悦目的经营环境，打造出高格调的面包坊。华丰贺氏是目前福建省的面包专卖店，它的出现足以振撼烘焙界，它必将给福建烘焙行业带来一场新的革命，为全面提升福州烘焙水平做出新的贡献。,,False,1,73,18159,True,False
华莱士(福湾财贸城店),41554951,汉堡,华莱士,26189,http://p0.meituan.net/poi/40b78b9357bc226b82ad406d2d4ae43429705.png,4,19,3.8,金山工业区福湾片,98,26.01026,119.2938,仓山区东岭路东兴村公寓楼7号店面（福湾财贸城对面，义云酒店旁）,,,,3.8元特价黑椒鸡块，7.8元小吃组，9.9元单人餐A，10元小食套餐，13.9元单人餐B，19.9元双人餐A，28.9元双人餐B;,周一至周日 09:00-00:00,0591-83595079,18146,,,False,1,75,18146,True,False
黄鹤楼(大利嘉店),2554588,湘菜,黄鹤楼,26296,http://p1.meituan.net/poi/3fabadf77e6ec19ca6cce8694835bd8f6623.png,4.2,59,88,大利嘉/汽车南站,97,26.069269,119.31302,台江区五一中路与群众东路交叉口路东（农业银行二楼边上）,,"5310,4277,",,双人餐89元，2-4人餐158元，6-8人餐258元，8-10人餐388元，10-12人餐588元;88代100元;,周一至周日 11:30-14:00 16:30-21:00,0591-88261000/13950431531,18146,黄鹤楼（大利嘉店）主营湖北风味美食，特聘请湖北厨师，调用湖北原产地调料，精研细作原汁原味的正宗湖北美食，确保菜肴的正宗口味。黄鹤楼店内，采用中国红与黑为主色调，彰显楚风文化风格，古色古香，品味雅致，环境舒适，让顾客吃的舒心。,,False,1,26,18146,True,False
令狐冲·窑烤活鱼(首山店),40620664,烤鱼,令狐冲窑烤活鱼,1861897,http://p0.meituan.net/poi/4b195468026c96ab222cef00cb39a60637864.png,3.7,50,95,盖山,98,26.030099,119.313332,仓山区仓山镇万安路3号福建第二轻工业学校对面,,,,2-4人餐98元，2-3人餐139元，3-4人餐188元;95代100元;,周一至周日 11:00-14:00 17:00-02:00,0591-88110799,18065,,,False,1,83,18065,False,False
盛世经典(马尾中环自贸广场店),150035230,牛排,,0,,3.4,60,65,罗星西路,2953,25.993137,119.465596,马尾区罗星西路中环广场一楼,,,,单人餐65元，4人餐257元;90代100元;,周一至周日 10:30-14:00 16:00-20:30  非营业时段 2018-02-15至2018-02-15 全天,0591-88626766,18047,,,False,0,97,18047,False,False
七欣天品蟹轩(仓山金洲南路店),158773379,虾蟹火锅,七欣天品蟹轩,97284,http://p0.meituan.net/poi/50ecd8cd94e633b5703911f72b6ffc52138771.png,4.9,125,69,仓山万达广场,98,26.03504,119.2724,仓山区金洲南路万达广场A6幢149商铺276号1-2层149商铺（万达车库出口右侧）,1,,,1-2人餐158元，3人餐168元，3-4人餐268元，3-4人餐278元，5-6人餐358元;69代100元，88代100元;,周一至周日 10:00-04:00,0591-86398607,17988,,,False,1,229,17988,False,False
华莱士(茶园餐厅),832412,汉堡,华莱士,26189,http://p0.meituan.net/poi/40b78b9357bc226b82ad406d2d4ae43429705.png,4.4,19,3.8,华林路/茶园,96,26.108707,119.314274,晋安区二环中路茶园小区长福村1号楼6号店,,"4278,4276,",,3.8元特价黑椒鸡块，7.8元小吃组，9.9元单人餐A，10元小食套餐，13.9元单人餐B，19.9元双人餐A，28.9元双人餐B;,周一至周日 08:00-23:00,0591-83885517,17927,烤翅、蜜汁烤鸡、板烧汉堡蛮好吃的，价格也“比KFC和麦当劳便宜”。而且“分店很多”，“一般都能找到在公司附近的”。叫份外卖当工作餐，“换换口味不错”。,,False,1,33,17927,True,False
大丰收脆鱼(元洪店),833938,鱼火锅,大丰收鱼庄,380492,http://p0.meituan.net/poi/98a4f16c2833f136ad4ab4b450e58e7d28608.png,5,80,90,台江广场/元洪城,97,26.052285,119.31603,台江区台江路东百元洪商场4楼,4,"4279,",,3人餐188元，4人餐246元;90代100元;,周一至周日 11:00-21:30,15106056119,17714,喜欢金椒鱼锅，做法“类似于干锅”，一掀盖“香气四溢”。鱼肉“很嫩”，“又麻又辣”，加在里面的魔芋也“很好吃”。消灭完鱼肉后，服务员会把残渣“捞起来”，倒入“清汤”涮火锅。涮菜“没什么特别”，不过“有师傅现场制作拉面”放入锅中，挺好玩的。价格“还算实惠”，生意“暴好”，人“像米一样多”。,,False,1,59,17714,True,False
哈哈碳都(万宝城店),162680751,韩式烤肉,,0,,5,63,85,万象城,97,26.063271,119.290415,台江区宁化街道工业路199号（中防万宝城负一楼008号商铺）,,"5302,5311,",,双人餐108元起，双人餐108元起，3-4人餐188元;85代100元;,周一至周日 11:30-21:30  2019-02-04至2019-02-06 休息 2019-02-07 16:00-21:30,0591-83221348,17689,,,False,1,143,17689,False,False
古都日本料理,833626,日本菜,,0,,4,78,80,大利嘉/汽车南站,97,26.072531,119.310452,台江区高桥路26号阳光假日大酒店一层,,"5310,4277,5301,",,双人餐128元起;80代100元，90代100元;,周一至周日 11:00-13:30 17:00-21:30,0591-83313445,17542,古都日本料理位于台江区高桥路43号闽西大厦（近阳光假日大酒店）是一家性价比很高的日式料理店。经营多年来以新鲜的食材、漂亮的装盘、美味的料理、优质的服务、简单精致的装修，高档的品质深得广大消费者认同。古都日本料理将以热情的服务接待新老客户,,False,1,46,17542,True,False
二回熟台湾馔锅(万象城店),41984264,小火锅,二回熟台式涮涮锅 ,1594949,http://p0.meituan.net/poi/47a5a46e3371456914b5e7719c5635bf61461.png,5,61,128,万象城,97,26.064018,119.290917,台江区工业路8号（万象城4层）,4,"5302,5311,",,双人餐128元起，3-4人餐218元;,周一至周日 10:00-22:00,0591-88915888,17426,“一般的火锅店”。装修“还不错”。长期有打折、送券的活动，“性价比挺高”。适合一帮朋友去聚会，“随便吃吃喝喝”。P.S.地板“真是滑”，“各位要小心”。,,False,0,115,17426,True,False
香帝西饼(爱心店),5393471,蛋糕,香帝西饼,1163652,,3.9,18,8.8,长乐市中心城区,2954,25.965171,119.512901,长乐市爱心路126号,,,,,周一至周日 07:00-23:00,0591-28886567,17349,福建香帝食品有限公司创立于1994年，位于福建省侨乡长乐市、历经18年的发展，已发展为长乐区域烘焙行业品牌与龙头企业。香帝公司现拥有月饼、蛋糕、面包、西点、干点五大类完整的食品生产体系，生产品种多达三百多款。香帝公司目前在长乐市拥有1家中央生产基地，12家连锁门店，产品供应肯德基、上岛咖啡、邮政速递、星级酒店、银行系统等高端品牌客户。香帝公司一向注重产品质量，精选优质新鲜原料，烘焙中不添加食品防腐剂，并严格按照质量管理体系要求，从上游供应商到生产、储运至销售服务进行细致、周密品质管理，确保产品优质安全，实现每天向门店提供的都是新鲜美食。香帝公司在技术研发、产品质量、品牌建设、市场占有率方面均保持区域行业市场的领先地位，香帝公司两度荣获“全国优秀饼店”称号及2007-2008、2009-2010年度“福州市守合同重信用”企业称号，香帝已成为“福州市知名商标”。,,False,1,19,17349,False,False
经典世家牛排(马尾店),51808083,牛排,经典世家牛排,895664,http://p1.meituan.net/poi/22485a165deaaa0f0d6112170302d22d92673.png,5,63,56.8,东方名城,2953,26.018049,119.398714,马尾区江滨东大道68号东方名城永辉超市旁,,,停车位收费标准：先到先得,单人餐56.8元起;,周一至周日 09:30-22:30  非营业时段 2018-02-15至2018-02-17 全天,0591-83971150,17300,,,False,0,35,17300,True,False
越城记黑鱼煲(世欧广场店),41889590,鱼火锅,越城记黑鱼煲,30717,http://p0.meituan.net/poi/6b7402b1e0d24d2f2ae90b887c10113315912.png,4.9,56,92,世欧王庄,96,26.071161,119.326653,晋安区长河路88号世欧广场北区417,4,"5305,",停车位收费标准：请咨询商户,92代100元;,周一至周日 10:30-14:00 17:00-21:00,0591-86255678,17315,,,False,1,180,17315,True,False
青山咖啡(加州店),4319505,西餐,青山咖啡,1135373,,4.6,58,49.9,好又多,1186,25.719825,119.367781,福清市音西街道音西村加州城9号楼二层14店,,,免费提供50个停车位,单人餐49.9元起，139元牛排披萨双人餐，4人餐258元;,周一至周日 10:00-22:00,0591-85255151,17248,青山咖啡环境优雅，格调高雅。是社交、会友、用餐、聚会的理想场所。在都市中心的一片宁静之处，给您最和谐尊贵的享受！,,False,1,9,17248,True,False
金太郎海鲜姿造自助烤肉火锅(平潭店),95935460,烤肉自助,,0,,5,69,66,平潭县中心城区,2960,25.499833,119.794144,平潭县海坛东路南侧环球花园二层1幢201,,,,单人餐66元起;,周一至周日 10:30-15:30 17:00-22:00,0591-88778388,17235,,,False,0,117,17235,True,False
大渝火锅(万象城店),163932784,重庆火锅,大渝火锅,2555833,http://p1.meituan.net/poi/b483f987ee42f4a49e025863a2df709e42219.png,3.8,107,23,万象城,97,26.064272,119.290489,台江区工业路378号万象生活城4楼,4,"5302,5311,",,单人餐23元起;90代100元;,周一至周日 10:00-23:00,0591-83800963,17243,,,False,0,167,17243,False,False
桥亭活鱼小镇(橘园洲店),6893498,酸菜鱼/水煮鱼,桥亭活鱼小镇,28198,http://p1.meituan.net/poi/99beb5664435e1bcca77505f67cff1d811859.png,4,48,77,建新镇,98,26.053596,119.24411,仓山区金山大道618号金山工业区橘园洲园67号（邮政储蓄银行旁）,,"5314,5312,",,双人餐77元起，3-4人餐113元;92代100元;,周一至周日 11:00-22:00  非营业时段 2018-02-14至2018-02-20 全天,0591-87511397,17146,,,False,1,33,17146,True,False
川西坝子(福州店),165060132,四川火锅,,0,,3.8,102,78,台江广场/元洪城,97,26.051717,119.312646,台江区台江路33号沃尔戴斯酒店楼下,,"4279,",,78代100元，88代100元;,周一至周日 11:00-02:00,0591-83202017,17181,,,False,0,369,17181,True,False
华莱士(黎明店),832421,汉堡,华莱士,26189,http://p0.meituan.net/poi/40b78b9357bc226b82ad406d2d4ae43429705.png,4.2,18,3.8,黎明/小柳市场,95,26.068703,119.287265,鼓楼区黎明茉莉园13号楼16号店,,"5311,5302,",,3.8元特价黑椒鸡块，7.8元小吃组，9.9元单人餐A，10元小食套餐，13.9元单人餐B，19.9元双人餐A，28.9元双人餐B;,周一至周日 08:00-22:00,0591-83750478,17063,烤翅、蜜汁烤鸡、板烧汉堡蛮好吃的，价格也“比KFC和麦当劳便宜”。而且“分店很多”，“一般都能找到在公司附近的”。叫份外卖当工作餐，“换换口味不错”。,,False,1,39,17063,True,False
望蓉城·老坛酸菜鱼(万象店),187973862,酸菜鱼/水煮鱼,,0,,3.8,77,89,万象城,97,26.064344,119.290663,台江区西环中路691号万象城4楼,4,"5302,5311,",,双人餐146元起;89代100元;,周一至周日 11:00-22:00,0591-22852157,17099,,,False,0,507,17099,False,False
二回熟·台湾馔锅(台江万达店),2425137,小火锅,二回熟台式涮涮锅 ,1594949,http://p0.meituan.net/poi/47a5a46e3371456914b5e7719c5635bf61461.png,5,61,128,台江万达,97,26.052868,119.342769,台江区鳌峰路金融街万达广场3层（近金洲南路）,3,,,双人餐128元起，3-4人餐218元;,周一至周日 10:00-22:00,0591-88176999,16976,源自台湾涮涮锅**——二回熟正式入闽，二回熟汤底底料是由主厨用昆布及十几种天然海鲜熬制而成。汤底味美鲜甜、滋补养生，附上台湾特色沙茶酱料、经典台湾小吃、纯手工丸饺滑类等，配备多款河海鲜组合，让您能体验到火锅的醇正口味。 另外一人一锅的健康养生理念，餐后的各式甜点，加上高雅的装饰环境，体现出火锅美食与休闲文化的优质结合，让您时刻领会到二回熟台式涮涮锅的时尚与魅力，共享二回熟的美好时光。,,False,0,55,16976,True,False
华丰贺氏(华林店),1153385,奶茶/果汁,华丰贺氏,26183,,4.1,15,9.9,华林路/茶园,96,26.103696,119.311329,晋安区华林路250号壮安大厦1楼（鸿源天城）,,"4278,4284,",,9.9元黑森林切件，“莓”好时光108元，8英寸蛋糕138元起，果仁果粒142元，小汽车148元，经典黑森林150元，芒果很黄174元;17代20元;,周一至周日 06:30-23:00,0591-88527331,16958,华丰贺氏始终坚持以传承与弘扬中华民族文化为己任，努力振兴民族品牌。以产品质量为企业生命，引进三套先进的月饼生产成套设备，从投料到成品全面实现全自动化生产流水线。一流的生产设备，再加上一流的生产经营管理，使得华丰贺氏跃上一个新台阶，华丰贺氏月饼已成为目前众多星级酒店代加工月饼优选厂家，华丰贺氏月饼已成为真正的五星级月饼。 华丰贺氏于2008年 7月正式全面导入全新的企业形象识别系统，华丰贺氏首家新形象旗舰店也同时开张，以一个全新的经营理念和创新的经营方式，优雅整洁赏心悦目的经营环境，打造出高格调的面包坊。华丰贺氏是目前福建省的面包专卖店，它的出现足以振撼烘焙界，它必将给福建烘焙行业带来一场新的革命，为全面提升福州烘焙水平做出新的贡献。,,False,1,22,16958,True,False
探鱼(东二环泰禾店),52525536,烤鱼,探鱼,1723817,http://p0.meituan.net/poi/bfcdf2bcdccdfc3a524af91bc3d69b7a57975.png,4.1,70,0,东二环泰禾广场,96,26.091207,119.336703,晋安区东二环泰禾广场购物中心负一楼B112-B113店（水秀广场旁）,-1,,停车位收费标准：泰禾广场有停车位,每满100减11（买单立享）;,周一至周日 10:00-22:00,0591-83800112,16917,,,False,1,0,16917,True,False
博多一豚轩(东二环泰禾店),65975535,日本菜,,0,,4.5,49,90,东二环泰禾广场,96,26.090446,119.336912,晋安区连江北路东二环泰禾广场L605号,6,,,每满100减5（买单立享）;双人餐98元;90代100元;,周一至周日 10:00-22:00,0591-28050666,16905,,,False,0,52,16905,True,False
玛格利塔(浦上店),4186621,披萨,玛格丽塔,1351163,http://p0.meituan.net/poi/0e925ec4a5330a532b2417bfb265b92036387.png,4.8,20,9.9,仓山万达广场,98,26.033001,119.274144,仓山区金洲南路685号（金港路口公交车站旁稻花香餐厅隔壁）,,,,单人餐9.9元起，双人餐56.8元，3-4人餐99元;17.5代20元，25代50元;,周一至周日 09:00-23:30,0591-83217667,16887,玛格利塔披萨自成立以来，以“浓情意味，现烤披萨”的理念让玛格利塔在市场的机遇不断提高。人们的生活水平在不断提高，比萨这种西式餐品正在被越来越多的国人所接受随之而来的比萨文化正充满生活的每个时刻。比萨不再仅仅是一种食品，它逐渐与时尚、品位紧紧联系在一起，体现出高尚品质的现代生活，或是交友谈心，或是商务会谈，或是休闲怡情尽在一块香浓美味的比萨中。,,False,1,12,16887,True,False
咕叽咕鸡·手撕蒸鸡(六一店),40483855,其他美食,咕鸡咕鸡,1716389,,4.4,37,64,五一广场/古田路,95,26.076943,119.317358,鼓楼区古田路132-5号福达商厦一层（呼啦啦KTV旁）,1,"5310,5305,",,双人餐71元;64代80元，85代100元;,周一至周日 10:00-02:00,0591-87666253,16848,咕鸡咕鸡位于福州市鼓楼区梅峰路山海观小区C-9店面（福建行政学院培训中心正对面），精选河田活鸡现杀现蒸，可以外送、方便快捷，严格的加工和烹饪要求，确保卫生+品质+美味,,False,1,11,16848,True,False
那一家(宝龙店),1455690,杭帮菜,那一家餐厅,27878,http://p0.meituan.net/poi/ea5a00eac37ac09df59d997d82bdb55f45256.png,3.8,46,92,宝龙城市广场,97,26.061611,119.291473,台江区工业路193号宝龙城市广场3楼家乐福超市旁,4,"5302,5311,",,双人餐99元，3-4人餐199元，5-6人餐323元;92代100元;,周一至周日 11:00-14:00 17:00-21:00,0591-83615777,16834,那一家餐厅占地1400多平米，400多个餐位，精致的地中海拉丁风格装修，时光主题的韵味给人以淡淡的怀旧风以及低调的都市时尚感。融合南北风味，兼顾南北食客，调和八方滋味，珊瑚虾、那一家鱼头、茶香鸡、川式口水鸡、玫瑰三文鱼等美味均属上品，出色的厨房团队力求每道菜都有新意，每道菜都体现着招牌菜的水准，近百种菜肴值得一一品尝,,False,1,85,16834,True,False
小鱼小牛(世纪金源店),158880185,鱼火锅,,0,,5,85,0,盖山,98,26.023307,119.357645,仓山区潘墩路世纪金源广场3楼,3,,,每满100减5（买单立享）;,周一至周日 09:30-22:00,0591-83535029,16803,,,False,1,0,16803,False,False
同婆婆香骨鸡腿(王庄店),163073656,小吃快餐,,0,,4.2,12,7,世欧王庄,96,26.074296,119.326802,晋安区长乐中路64号,,"5305,",,7元【抢购同婆婆鸡腿】，11.9元【单人套餐】;,周一至周日 11:30-22:30,18960864907,16782,,,False,1,158,16782,False,False
胡涂市井火锅(东二环店),157076685,串串香,,0,,3.6,79,70,东二环泰禾广场,96,26.091659,119.333629,晋安区连江北路东二环泰禾广场新天地12号楼109-111（凯宾期基酒店背后，法西妮正对面）,1,,,双人餐158元起，4人餐248元;70代100元，88代100元;,周一至周日 10:30-02:00  2019-02-04至2019-02-05 休息,0591-87327710,16759,,,False,1,169,16759,True,False
元兆寿司(鼓楼店),4130156,日式寿司,元兆寿司,1761184,,4.6,47,34,五四路,95,26.0963,119.30215,鼓楼区观凤亭街50-1号,,"4280,4284,",,单人餐34元起;,周一至周日 08:30-21:30,0591-87579856,16710,,,False,1,7,16710,True,False
觅云云南菜·翎韵(正大广场店),91437666,云南菜,,0,,5,85,95,五一广场/古田路,95,26.074802,119.309799,鼓楼区五一中路18号正大广场4层,4,"5310,5301,4277,4282,",,双人餐99元，4人餐199元，6人餐368元;95代100元;,周一至周日 10:00-22:00,0591-83329517,16667,,,False,0,98,16667,False,False
N多寿司(福建师大店),1876927,日式寿司,n多寿司,24030,http://p0.meituan.net/poi/fb198a682366a3d7e488db3711a9c68752608.png,5,22,9.9,学生街,98,26.035035,119.31419,仓山区首山路10号（永辉旁边）,,,,单人餐9.9元起，17.9元招牌黄金套餐，1-2人餐19.9元，双人餐19.9元起，24.6元超值双拼套餐，24.8元欢乐单人套餐，29.9元乐活自在套餐，45.9元豪华寿司套餐，46.4元欢享双人套餐，66.6元多人聚会活动餐;27代30元;,周一至周日 10:00-22:00,18105010424,16562,N多寿司为青岛客必思味餐饮旗下品牌，创立于2008年6月，以创新的花样寿司为主要产品，让人们以普通的价格享受绿色的时尚寿司。N多寿司现有50多种不同口味的产品，且不断推出新品。其产品的配方为自创、独有，竞争对手难以仿效。“以简单为美味，以自然为时尚”， N多寿司引领简约健康美食新潮流,,False,1,6,16562,True,False
漫斯塔披萨牛排自助餐厅(万象店),170660128,综合自助,,0,,3,72,65,万象城,97,26.064367,119.29086,台江区西环南路万象城4楼422A铺,4,"5302,5311,",,单人餐65元起;,周一至周日 10:30-14:30 16:00-21:30  2019-02-04 休息,0591-83379850,16525,,,False,0,88,16525,False,False
华莱士(塔头店),1876294,汉堡,华莱士,26189,http://p0.meituan.net/poi/40b78b9357bc226b82ad406d2d4ae43429705.png,4.2,18,3.8,晋安区,96,26.088668,119.319451,晋安区塔头路琯尾街8号（近和平医院）,,,,3.8元特价黑椒鸡块，7.8元小吃组，9.9元单人餐A，10元小食套餐，13.9元单人餐B，19.9元双人餐A，28.9元双人餐B;,周一至周日 09:00-22:00,0591-87337800,16377,,,False,1,31,16377,True,False
凯逸轩,1536366,粤菜,凯逸轩,242763,,4.4,142,118,五一广场/古田路,95,26.076973,119.318698,鼓楼区古田支路176号中城名仕汇8号楼1-4层（沃尔玛长城店对面）,,"5310,5305,",免费提供50个停车位,2-3人餐118元，4人餐158元起，5-6人餐248元，10人餐999元起;,周一至周日 10:30-14:00 17:00-22:00,0591-88533888,16244,"香港凯逸轩饭店集团创立于2009年，是最负盛名、深得广大宾客青睐的粤菜馆。多年来，公司以特色经营为基础，以服务满意为保证，致力于""粤菜""创新制作及推广，着力打造凯逸轩品牌餐饮文化建设。服务理念：细致、贴心、周到、满意服务，发展目标：以顾客为导向和员工价值观为公司的发展目标。 用人原则：以人为本，互利双赢。 公司目前旗下拥有凯逸轩地王店、凯逸轩凤岭店，凯逸轩民歌湖店，凯逸轩福州店。 凯逸轩福州店，位于鼓楼区古田路176号中城名仕汇8号楼裙楼1F-3F，总经营面积4000多㎡，配备贵宾停车位100个。公司倾心打造至高品味的美食场所，创立了最爱中餐、燕鲍翅精作房等特色餐饮品牌，粤菜为主配合地方特色菜式，将传统大型中餐与特色餐饮相结合，以形成独特模式。专业的团队，个性化的装修、极显人性化的亲和服务。 凯逸轩自创立以来，作为餐饮企业的模范，受到了南宁各级部门的关注及扶持，带动了南宁餐饮业迎来辉煌的新篇章。专业的服务素质、温馨的笑容、华丽的装饰，凯逸轩把顾客的满意作为公司发展的方向，给顾客带来愉快的心灵体验与高品味享受。 凯逸轩从用餐环境开始，至备料、服务、上菜顺序都严格要求，让每一位来就餐的顾客，除了享受美食之外，更有一份尊贵和荣耀的体验。",,False,0,124,16244,True,False
大喜牛潮汕牛肉火锅(五四营迹店),85825364,潮汕牛肉火锅,,0,,5,97,90,五四路,95,26.09766,119.304011,鼓楼区鼓东街道营迹路恒力创富中心,,"4284,4280,",,双人餐139元，3-4人餐198元，5-6人餐288元;90代100元;,周一至周日 11:00-22:00,0591-88081717,16219,,,False,0,260,16219,True,False
烹然四季椰子鸡(王庄店),42046478,特色火锅,,0,,4.2,98,90,世欧王庄,96,26.070376,119.326926,晋安区晋连路19号福州世欧广场A4座第5层1号商铺,5,"5305,",停车位收费标准：商场有提供停车位,每满100减10（买单立享）;4人餐319元，6人餐449元;90代100元;,周一至周日 10:00-22:00,0591-87817097,16222,,,False,1,40,16222,True,False
福州大饭店-西餐厅,833572,综合自助,福州大饭店,25439,,3.6,147,108,五一广场/古田路,95,26.073709,119.304219,鼓楼区斗东路1号（近八一七中路口）,,"5301,4277,4282,5307,",免费提供1个停车位,单人午餐108元;118代168元，138代198元;,周一至周日 11:30-13:30 17:30-20:30,0591-83333333-8301,16157,福州大饭店于1999年5月开业，2001年8月荣膺四星级旅游饭店。饭店位于福州市区中心，建筑面积3.3万平方米，主楼25层，拥有无烟楼层、商务楼层、豪华楼层等各类型客房300间（套），客房24小时提供天然温泉,,False,0,21,16157,True,False
令狐冲·窑烤活鱼(中亭街店),77955144,烤鱼,,0,,3.9,51,95,中亭街,97,26.05612,119.308842,台江区洋中街道学军路1号群升国际A地块2#，3#楼连接体1层04、05店面（达道路与下杭路交叉口）,,"4279,",,2-4人餐98元，2-3人餐139元，3-4人餐188元;95代100元;,周一至周日 11:00-14:00 16:00-02:00  2019-02-03至2019-02-09 休息,0591-83767779,16133,,,False,1,109,16133,False,False
汉堡王(福州红星店),60508933,快餐,汉堡王,25842,http://p0.meituan.net/poi/b48e01d6761aa739ec522df5b429c98d31887.png,4,38,6,红星爱琴海广场,98,26.041342,119.279776,仓山区仓山浦上大道198号红星国际广场1F,1,,,6元小食，9元小食，9元小皇堡，10元小食，11元巧克力新地，12元小食，15元单人餐，17.5元单人餐，21元双堡，21元小皇餐，22元玫瑰筒中薯，24元单人餐，24.5元狠牛单人餐，26元狠牛堡，32元小食，33元重装牛堡餐，35.5元狠鸡双人餐，36元单人餐，49元双人餐，53元鸡盒双人餐，55.5元霸气三人餐，60元双人餐，62.5元双人餐，68元9384，74元三人餐，97元三人餐;,周一至周日 10:00-22:00,0591-83662290,16126,,,False,1,0,16126,True,False
勺园印象江南,1124148,烤鱼,印象江南,293237,,4.4,69,85,东街口/三坊七巷,95,26.08191,119.289976,鼓楼区白马北路勺园里1号7座1层105号,,,,2-3人餐98元，4人餐158元;85代100元;,周一至周日 18:00-02:00  2019-02-03至2019-02-06 休息,0591-87918699,16021,麒麟日记啤酒花园，位于白马路勺园一号1号7座，勺园一号是福州市区内著名创意基地，浓烈的小资情调，环境更是优美，令人动容。处在这高端极富创意感与艺术感的勺园一号，技艺精湛的大厨们，为每一位到此来的消费者们提供玲珑美食，自是获得广大好评。,,False,0,31,16021,True,False
华莱士(冠亚店),1875000,汉堡,华莱士,26189,http://p0.meituan.net/poi/40b78b9357bc226b82ad406d2d4ae43429705.png,4.2,18,3.8,东街口/三坊七巷,95,26.07807,119.300369,鼓楼区八一七北路冠亚广场3座9号店面（近乌山路）,,"4282,5301,5307,4286,",,3.8元特价黑椒鸡块，7.8元小吃组，9.9元单人餐A，10元小食套餐，13.9元单人餐B，19.9元双人餐A，28.9元双人餐B;,周一至周日 09:30-22:00,0591-88086140,15986,,,False,1,28,15986,True,False
一品良燕,83348089,新式甜品,,0,,4.2,39,3.9,苍霞新城/上下杭,97,26.054913,119.302165,台江区洋中路392号一融信双杭城龙岭3a-1,3,"4279,",,3.9元泡芙，6.8元燕窝椰蓉，9.9元miniz盒子，45.8元精致生活下午茶，四英寸简约蛋糕49.9元;,周一至周日 09:30-22:00  2019-02-04至2019-02-10 休息,18650350197,15963,,,False,1,5,15963,True,False
大宅门市井火锅(三坊七巷店),178067925,四川火锅,,0,,3,60,78,东街口/三坊七巷,95,26.079566,119.295496,鼓楼区光禄坊38号,,"4282,4286,5301,5307,",,双人餐108元，4人餐186元，6人餐269元起;78代100元;,周一至周日 10:30-14:00 17:00-04:00,0591-83052222,15893,,,False,0,358,15893,False,False
